EschmeyerName,OBISChecklist,FBName,SplitFrom,SplitYear,Group,Notes
Acanthocybium solandri,Acanthocybium solandri,Acanthocybium solandri,NA,NA,S,
Allothunnus fallai,Allothunnus fallai,Allothunnus fallai,NA,NA,S,
Amarsipus carlsbergi,Amarsipus carlsbergi,Amarsipus carlsbergi,NA,NA,S,
Aphanopus arigato,Aphanopus arigato,Aphanopus arigato,NA,NA,S,
Aphanopus beckeri,Aphanopus beckeri,Aphanopus beckeri,NA,NA,S,
Aphanopus capricornis,Aphanopus capricornis,Aphanopus capricornis,NA,NA,S,
Aphanopus carbo,Aphanopus carbo,Aphanopus carbo,NA,NA,S,
Aphanopus intermedius,Aphanopus intermedius,Aphanopus intermedius,NA,NA,S,
Aphanopus microphthalmus,NA,Aphanopus microphthalmus,NA,NA,S,
Aphanopus mikhailini,NA,Aphanopus mikhailini,NA,NA,S,
Ariomma bondi,Ariomma bondi,Ariomma bondi,NA,NA,S,
Ariomma bondi,Cubiceps nigriargentus,Ariomma bondi,NA,NA,S,
Ariomma brevimanus,Ariomma brevimanum,Ariomma brevimanum,NA,NA,S,
Ariomma dollfusi,Ariomma dollfusi,Ariomma indicum,NA,NA,S,
Ariomma indicum,Ariomma indicum,Ariomma indicum,NA,NA,S,
Ariomma luridum,Ariomma luridum,Ariomma luridum,NA,NA,S,
Ariomma melana,Cubiceps melanus,Ariomma melana,NA,NA,S,
Ariomma melana,Ariomma melanum,Ariomma melanum,NA,NA,S,
Ariomma parini,Ariomma parini,Ariomma parini,NA,NA,S,
Ariomma regulus,Ariomma regulus,Ariomma regulus,NA,NA,S,
Arripis georgiana,Arripis georgianus,Arripis georgianus,NA,NA,S,
Arripis trutta,Arripis trutta,Arripis trutta,NA,NA,S,
Arripis truttacea,Arripis truttacea,Arripis truttacea,NA,NA,S,
Arripis xylabion,Arripis xylabion,Arripis xylabion,NA,NA,S,
Arripis xylabion,Assurger anzac,Assurger anzac,NA,NA,S,
Auxis thazard,Auxis brachydorax,Auxis brachydorax,NA,NA,S,
Auxis rochei,Auxis eudorax,Auxis eudorax,NA,NA,S,
Auxis rochei,Auxis rochei,Auxis rochei,NA,NA,S,
Auxis thazard,Auxis thazard,Auxis thazard,NA,NA,S,
Benthodesmus elongatus,Benthodesmus elongatus,Benthodesmus elongatus,NA,NA,S,
Benthodesmus macrophthalmus,Benthodesmus macrophthalmus,Benthodesmus macrophthalmus,NA,NA,S,
Benthodesmus neglectus,Benthodesmus neglectus,Benthodesmus neglectus,NA,NA,S,
Benthodesmus oligoradiatus,Benthodesmus oligoradiatus,Benthodesmus oligoradiatus,NA,NA,S,
Benthodesmus pacificus,Benthodesmus pacificus,Benthodesmus pacificus,NA,NA,S,
Benthodesmus papua,Benthodesmus papua,Benthodesmus papua,NA,NA,S,
Benthodesmus simonyi,Benthodesmus simonyi,Benthodesmus simonyi,NA,NA,S,
Benthodesmus suluensis,Benthodesmus suluensis,Benthodesmus suluensis,NA,NA,S,
Benthodesmus tenuis,Benthodesmus tenuis,Benthodesmus tenuis,NA,NA,S,
Benthodesmus tuckeri,Benthodesmus tuckeri,Benthodesmus tuckeri,NA,NA,S,
Benthodesmus vityazi,Benthodesmus vityazi,Benthodesmus vityazi,NA,NA,S,
Brama australis,Brama australis,Brama australis,NA,NA,S,
Brama brama,Brama brama,Brama brama,NA,NA,S,
Brama caribbea,Brama caribbea,Brama caribbea,NA,NA,S,
Brama dussumieri,Brama dussumieri,Brama dussumieri,NA,NA,S,
Brama japonica,Brama japonica,Brama japonica,NA,NA,S,
Brama myersi,Brama myersi,Brama myersi,NA,NA,S,
Brama orcini,Brama orcini,Brama orcini,NA,NA,S,
Brama pauciradiata,Brama pauciradiata,Brama pauciradiata,NA,NA,S,
Caristius barsukovi,NA,Caristius barsukovi,NA,NA,S,
Caristius digitus,Caristius digitus,Caristius digitus,NA,NA,S,
Caristius fasciatus,Caristius fasciatus,Caristius fasciatus,NA,NA,S,
Caristius macropus,Caristius japonicus,Caristius japonicus,NA,NA,S,
Caristius litvinovi,NA,Caristius litvinovi,NA,NA,S,
Caristius macropus,Caristius macropus,Caristius macropus,NA,NA,S,
Caristius meridionalis,Caristius meridionalis,Caristius meridionalis,NA,NA,S,
Caristius walvisensis,NA,Caristius walvisensis,NA,NA,S,
Centrolophus niger,Centrolophus niger,Centrolophus niger,NA,NA,S,
Chiasmodon asper,NA,Chiasmodon asper,NA,NA,S,
Chiasmodon braueri,Chiasmodon braueri,Chiasmodon braueri,NA,NA,S,
Chiasmodon harteli,Chiasmodon harteli,Chiasmodon harteli,NA,NA,S,
Chiasmodon microcephalus,Chiasmodon microcephalus,Chiasmodon microcephalus,NA,NA,S,
Chiasmodon niger,Chiasmodon niger,Chiasmodon niger,NA,NA,S,
Chiasmodon lavenbergi,Chiasmodon lavenbergi,Chiasmodon pluriradiatus,NA,NA,S,
Chiasmodon pluriradiatus,Chiasmodon pluriradiatus,Chiasmodon pluriradiatus,NA,NA,S,
Chiasmodon subniger,Chiasmodon subniger,Chiasmodon subniger,NA,NA,S,
Cubiceps baxteri,Cubiceps baxteri,Cubiceps baxteri,NA,NA,S,
Cubiceps caeruleus,Cubiceps caeruleus,Cubiceps caeruleus,NA,NA,S,
Cubiceps capensis,Cubiceps capensis,Cubiceps capensis,NA,NA,S,
Cubiceps gracilis,Cubiceps gracilis,Cubiceps gracilis,NA,NA,S,
Cubiceps kotlyari,Cubiceps kotlyari,Cubiceps kotlyari,NA,NA,S,
Cubiceps macrolepis,NA,Cubiceps macrolepis,NA,NA,S,
Cubiceps nanus,NA,Cubiceps nanus,NA,NA,S,
Cubiceps paradoxus,Cubiceps paradoxus,Cubiceps paradoxus,NA,NA,S,
Cubiceps pauciradiatus,Cubiceps pauciradiatus,Cubiceps pauciradiatus,NA,NA,S,
Cubiceps whiteleggii,Cubiceps natalensis,Cubiceps whiteleggii,NA,NA,S,
Cubiceps whiteleggii,Cubiceps whiteleggii,Cubiceps whiteleggii,NA,NA,S,
Cybiosarda elegans,Cybiosarda elegans,Cybiosarda elegans,NA,NA,S,
Demissolinea novaeguineensis,NA,Demissolinea novaeguineensis,NA,NA,S,
Demissolinea novaeguineensis,Diplospinus multistriatus,Diplospinus multistriatus,NA,NA,S,
Dysalotus alcocki,Dysalotus alcocki,Dysalotus alcocki,NA,NA,S,
Dysalotus oligoscolus,Dysalotus oligoscolus,Dysalotus oligoscolus,NA,NA,S,
Epinnula magistralis,Epinnula magistralis,Epinnula magistralis,NA,NA,S,
Eumegistus brevorti,Eumegistus brevorti,Eumegistus brevorti,NA,NA,S,
Eumegistus illustris,Eumegistus illustris,Eumegistus illustris,NA,NA,S,
Eupleurogrammus glossodon,Eupleurogrammus glossodon,Eupleurogrammus glossodon,NA,NA,S,
Eupleurogrammus muticus,Eupleurogrammus muticus,Eupleurogrammus muticus,NA,NA,S,
Euthynnus affinis,Euthynnus affinis,Euthynnus affinis,NA,NA,S,
Euthynnus alletteratus,Euthynnus alletteratus,Euthynnus alletteratus,NA,NA,S,
Euthynnus lineatus,Euthynnus lineatus,Euthynnus lineatus,NA,NA,S,
Euthynnus lineatus,NA,Evoxymetopon macrophthalmus,NA,NA,S,
Evoxymetopon moricheni,NA,Evoxymetopon moricheni,NA,NA,S,
Evoxymetopon poeyi,Evoxymetopon poeyi,Evoxymetopon poeyi,NA,NA,S,
Evoxymetopon taeniatus,Evoxymetopon taeniatus,Evoxymetopon taeniatus,NA,NA,S,
Gasterochisma melampus,Gasterochisma melampus,Gasterochisma melampus,NA,NA,S,
Gempylus serpens,Gempylus serpens,Gempylus serpens,NA,NA,S,
Grammatorcynus bicarinatus,Grammatorcynus bicarinatus,Grammatorcynus bicarinatus,NA,NA,S,
Grammatorcynus bilineatus,Grammatorcynus bilineatus,Grammatorcynus bilineatus,NA,NA,S,
Gymnosarda unicolor,Gymnosarda unicolor,Gymnosarda unicolor,NA,NA,S,
Hyperoglyphe antarctica,Hyperoglyphe antarctica,Hyperoglyphe antarctica,NA,NA,S,
Hyperoglyphe bythites,Hyperoglyphe bythites,Hyperoglyphe bythites,NA,NA,S,
Hyperoglyphe japonica,Hyperoglyphe japonica,Hyperoglyphe japonica,NA,NA,S,
Hyperoglyphe macrophthalma,Hyperoglyphe macrophthalma,Hyperoglyphe macrophthalma,NA,NA,S,
Hyperoglyphe perciformis,Hyperoglyphe perciformis,Hyperoglyphe perciformis,NA,NA,S,
Hyperoglyphe pringlei,Hyperoglyphe pringlei,Hyperoglyphe pringlei,NA,NA,S,
Pseudoicichthys australis,Icichthys australis,Icichthys australis,NA,NA,S,
Icichthys lockingtoni,Icichthys lockingtoni,Icichthys lockingtoni,NA,NA,S,
Icosteus aenigmaticus,Icosteus aenigmaticus,Icosteus aenigmaticus,NA,NA,S,
Kali colubrina,Kali colubrina,Kali colubrina,NA,NA,S,
Kali falx,NA,Kali falx,NA,NA,S,
Kali indica,Kali indica,Kali indica,NA,NA,S,
Kali kerberti,Kali kerberti,Kali kerberti,NA,NA,S,
Kali macrodon,Kali macrodon,Kali macrodon,NA,NA,S,
Kali macrura,Kali macrura,Kali macrura,NA,NA,S,
Kali parri,Kali parri,Kali parri,NA,NA,S,
Katsuwonus pelamis,Gymnosarda pelamis,Katsuwonus pelamis,NA,NA,S,
Katsuwonus pelamis,Katsuwonus pelamis,Katsuwonus pelamis,NA,NA,S,
Lepidocybium flavobrunneum,Lepidocybium flavobrunneum,Lepidocybium flavobrunneum,NA,NA,S,
Lepidopus altifrons,Lepidopus altifrons,Lepidopus altifrons,NA,NA,S,
Lepidopus calcar,Lepidopus calcar,Lepidopus calcar,NA,NA,S,
Lepidopus caudatus,Lepidopus caudatus,Lepidopus caudatus,NA,NA,S,
Lepidopus dubius,Lepidopus dubius,Lepidopus dubius,NA,NA,S,
Lepidopus fitchi,Lepidopus fitchi,Lepidopus fitchi,NA,NA,S,
Lepidopus manis,NA,Lepidopus manis,NA,NA,S,
Lepturacanthus pantului,Lepturacanthus pantului,Lepturacanthus pantului,NA,NA,S,
Lepturacanthus roelandti,NA,Lepturacanthus roelandti,NA,NA,S,
Lepturacanthus savala,Lepturacanthus savala,Lepturacanthus savala,NA,NA,S,
Dysalotus pouliulii,NA,NA,NA,NA,S,
Epinnula pacfica,NA,NA,NA,NA,S,
Pampus candidus,NA,NA,NA,NA,S,
Pampus nozawae,NA,NA,NA,NA,S,
NA,Nomeus albula,NA,NA,NA,S,
Nealotus tripes,Nealotus tripes,Nealotus tripes,NA,NA,S,
Neocaristius heemstrai,Neocaristius heemstrai,Neocaristius heemstrai,NA,NA,S,
Neoepinnula americana,Neoepinnula americana,Neoepinnula americana,NA,NA,S,
Neoepinnula orientalis,Neoepinnula orientalis,Neoepinnula orientalis,NA,NA,S,
Nesiarchus nasutus,Nesiarchus nasutus,Nesiarchus nasutus,NA,NA,S,
Nomeus gronovii,Nomeus gronovii,Nomeus gronovii,NA,NA,S,
Orcynopsis unicolor,Orcynopsis unicolor,Orcynopsis unicolor,NA,NA,S,
Pampus argenteus,Pampus argenteus,Pampus argenteus,NA,NA,S,
Pampus chinensis,Pampus chinensis,Pampus chinensis,NA,NA,S,
Pampus cinereus,Pampus argenteus,Pampus cinereus,NA,NA,S,
Pampus argenteus,Pampus echinogaster,Pampus echinogaster,NA,NA,S,
Pampus minor,NA,Pampus minor,NA,NA,S,
Pampus punctatissimus,Pampus punctatissimus,Pampus punctatissimus,NA,NA,S,
Paracaristius aquilus,NA,Paracaristius aquilus,NA,NA,S,
Paracaristius maderensis,Paracaristius maderensis,Paracaristius maderensis,NA,NA,S,
Paracaristius maderensis,NA,Paracaristius nemorosus,NA,NA,S,
Paracaristius nudarcus,Paracaristius nudarcus,Paracaristius nudarcus,NA,NA,S,
Paradiplospinus antarcticus,Paradiplospinus antarcticus,Paradiplospinus antarcticus,NA,NA,S,
Paradiplospinus gracilis,NA,Paradiplospinus gracilis,NA,NA,S,
Peprilus burti,Peprilus burti,Peprilus burti,NA,NA,S,
Peprilus crenulatus,NA,Peprilus crenulatus,NA,NA,S,
Peprilus medius,Peprilus medius,Peprilus medius,NA,NA,S,
Peprilus ovatus,Peprilus ovatus,Peprilus ovatus,NA,NA,S,
Peprilus paru,Peprilus paru,Peprilus paru,NA,NA,S,
Peprilus simillimus,Peprilus simillimus,Peprilus simillimus,NA,NA,S,
Peprilus snyderi,Peprilus snyderi,Peprilus snyderi,NA,NA,S,
Peprilus triacanthus,Peprilus triacanthus,Peprilus triacanthus,NA,NA,S,
Peprilus xanthurus,NA,Peprilus xanthurus,NA,NA,S,
Platyberyx andriashevi,Platyberyx andriashevi,Platyberyx andriashevi,NA,NA,S,
Platyberyx mauli,NA,Platyberyx mauli,NA,NA,S,
Platyberyx opalescens,Platyberyx opalescens,Platyberyx opalescens,NA,NA,S,
Platyberyx paucus,NA,Platyberyx paucus,NA,NA,S,
Platyberyx pietschi,NA,Platyberyx pietschi,NA,NA,S,
Platyberyx rhyton,Platyberyx rhyton,Platyberyx rhyton,NA,NA,S,
Pomatomus saltatrix,Pomatomus saltatrix,Pomatomus saltatrix,NA,NA,S,
Promethichthys prometheus,Promethichthys prometheus,Promethichthys prometheus,NA,NA,S,
Psenes arafurensis,Psenes arafurensis,Psenes arafurensis,NA,NA,S,
Psenes cyanophrys,Psenes cyanophrys,Psenes cyanophrys,NA,NA,S,
Psenes maculatus,Psenes maculatus,Psenes maculatus,NA,NA,S,
Psenes pellucidus,Psenes pellucidus,Psenes pellucidus,NA,NA,S,
Psenes sio,Psenes sio,Psenes sio,NA,NA,S,
Psenopsis anomala,Psenopsis anomala,Psenopsis anomala,NA,NA,S,
Psenopsis cyanea,Psenopsis cyanea,Psenopsis cyanea,NA,NA,S,
Psenopsis humerosus,Psenopsis humerosa,Psenopsis humerosa,NA,NA,S,
Psenopsis intermedia,Psenopsis intermedia,Psenopsis intermedia,NA,NA,S,
Psenopsis obscura,Psenopsis obscura,Psenopsis obscura,NA,NA,S,
Psenopsis shojimai,NA,Psenopsis shojimai,NA,NA,S,
Pseudocaranx chilensis,Pseudocaranx chilensis,Pseudocaranx chilensis,NA,NA,S,
Pseudocaranx dentex,Pseudocaranx dentex,Pseudocaranx dentex,NA,NA,S,
Pseudocaranx dinjerra,Pseudocaranx dinjerra,Pseudocaranx dinjerra,NA,NA,S,
Pseudocaranx wrighti,Pseudocaranx wrighti,Pseudocaranx wrighti,NA,NA,S,
Psenopsis shojimai,Pseudoscopelus altipinnis,Pseudoscopelus altipinnis,NA,NA,S,
Pseudoscopelus aphos,Pseudoscopelus aphos,Pseudoscopelus aphos,NA,NA,S,
Pseudoscopelus astronesthidens,NA,Pseudoscopelus astronesthidens,NA,NA,S,
Pseudoscopelus australis,Pseudoscopelus australis,Pseudoscopelus australis,NA,NA,S,
Pseudoscopelus bothrorrhinos,NA,Pseudoscopelus bothrorrhinos,NA,NA,S,
Pseudoscopelus cephalus,Pseudoscopelus cephalus,Pseudoscopelus cephalus,NA,NA,S,
Pseudoscopelus cordilluminatus,NA,Pseudoscopelus cordilluminatus,NA,NA,S,
Pseudoscopelus lavenbergi,Pseudoscopelus lavenbergi,Pseudoscopelus lavenbergi,NA,NA,S,
Pseudoscopelus obtusifrons,Pseudoscopelus obtusifrons,Pseudoscopelus obtusifrons,NA,NA,S,
Pseudoscopelus odontoglossus,Pseudoscopelus odontoglossum,Pseudoscopelus odontoglossum,NA,NA,S,
Pseudoscopelus parini,NA,Pseudoscopelus parini,NA,NA,S,
Pseudoscopelus vityazi,NA,Pseudoscopelus parini,NA,NA,S,
Pseudoscopelus paxtoni,Pseudoscopelus paxtoni,Pseudoscopelus paxtoni,NA,NA,S,
Pseudoscopelus obtusifrons,NA,Pseudoscopelus pierbartus,NA,NA,S,
Pseudoscopelus sagamianus,Pseudoscopelus sagamianus,Pseudoscopelus sagamianus,NA,NA,S,
Pseudoscopelus scriptus,Pseudoscopelus scriptus,Pseudoscopelus scriptus,NA,NA,S,
Pseudoscopelus scutatus,Pseudoscopelus scutatus,Pseudoscopelus scutatus,NA,NA,S,
Pteraclis aesticola,Pteraclis aesticola,Pteraclis aesticola,NA,NA,S,
Pteraclis carolinum,Pteraclis carolinus,Pteraclis carolinus,NA,NA,S,
Pteraclis veliferum,Pteraclis velifera,Pteraclis velifera,NA,NA,S,
Pterycombus brama,Pterycombus brama,Pterycombus brama,NA,NA,S,
Pterycombus petersii,Pterycombus petersii,Pterycombus petersii,NA,NA,S,
Rastrelliger brachysoma,Rastrelliger brachysoma,Rastrelliger brachysoma,NA,NA,S,
Rastrelliger faughni,Rastrelliger faughni,Rastrelliger faughni,NA,NA,S,
Rastrelliger kanagurta,Rastrelliger kanagurta,Rastrelliger kanagurta,NA,NA,S,
Rexea alisae,Rexea alisae,Rexea alisae,NA,NA,S,
Rexea antefurcata,Rexea antefurcata,Rexea antefurcata,NA,NA,S,
Rexea bengalensis,NA,Rexea bengalensis,NA,NA,S,
Rexea brevilineata,Rexea brevilineata,Rexea brevilineata,NA,NA,S,
Rexea nakamurai,NA,Rexea nakamurai,NA,NA,S,
Rexea prometheoides,NA,Rexea prometheoides,NA,NA,S,
Rexea solandri,Rexea solandri,Rexea solandri,NA,NA,S,
Rexichthys johnpaxtoni,Rexichthys johnpaxtoni,Rexichthys johnpaxtoni,NA,NA,S,
Ruvettus pretiosus,Ruvettus pretiosus,Ruvettus pretiosus,NA,NA,S,
Sarda australis,Sarda australis,Sarda australis,NA,NA,S,
Sarda chiliensis,NA,Sarda chiliensis,NA,NA,S,
Sarda chiliensis,Sarda lineolata,Sarda lineolata,NA,NA,S,
Sarda orientalis,NA,Sarda orientalis,NA,NA,S,
Sarda sarda,Sarda sarda,Sarda sarda,NA,NA,S,
Seriolella caerulea,Schedophilus griseolineatus,Schedophilus griseolineatus,NA,NA,S,
Schedophilus haedrichi,Schedophilus haedrichi,Schedophilus haedrichi,NA,NA,S,
Schedophilus huttoni,Schedophilus huttoni,Schedophilus huttoni,NA,NA,S,
Schedophilus maculatus,Schedophilus maculatus,Schedophilus maculatus,NA,NA,S,
Schedophilus medusophagus,Schedophilus medusophagus,Schedophilus medusophagus,NA,NA,S,
Schedophilus ovalis,Schedophilus ovalis,Schedophilus ovalis,NA,NA,S,
Schedophilus pemarco,Schedophilus pemarco,Schedophilus pemarco,NA,NA,S,
Schedophilus velaini,Schedophilus velaini,Schedophilus velaini,NA,NA,S,
Scomber australasicus,Scomber australasicus,Scomber australasicus,NA,NA,S,
Scomber colias,Scomber colias,Scomber colias,NA,NA,S,
Scomber japonicus,Scomber japonicus,Scomber japonicus,NA,NA,S,
Scomber scombrus,Scomber scombrus,Scomber scombrus,NA,NA,S,
Scomberomorus brasiliensis,Scomberomorus brasiliensis,Scomberomorus brasiliensis,NA,NA,S,
Scomberomorus cavalla,Scomberomorus cavalla,Scomberomorus cavalla,NA,NA,S,
Scomberomorus commerson,Scomberomorus commerson,Scomberomorus commerson,NA,NA,S,
Scomberomorus concolor,Scomberomorus concolor,Scomberomorus concolor,NA,NA,S,
Scomberomorus guttatus,Scomberomorus guttatus,Scomberomorus guttatus,NA,NA,S,
Scomberomorus koreanus,Scomberomorus koreanus,Scomberomorus koreanus,NA,NA,S,
Scomberomorus lineolatus,Scomberomorus lineolatus,Scomberomorus lineolatus,NA,NA,S,
Scomberomorus maculatus,Scomberomorus maculatus,Scomberomorus maculatus,NA,NA,S,
Scomberomorus multiradiatus,Scomberomorus multiradiatus,Scomberomorus multiradiatus,NA,NA,S,
Scomberomorus munroi,Scomberomorus munroi,Scomberomorus munroi,NA,NA,S,
Scomberomorus niphonius,Scomberomorus niphonius,Scomberomorus niphonius,NA,NA,S,
Scomberomorus plurilineatus,Scomberomorus plurilineatus,Scomberomorus plurilineatus,NA,NA,S,
Scomberomorus queenslandicus,Scomberomorus queenslandicus,Scomberomorus queenslandicus,NA,NA,S,
Scomberomorus regalis,Scomberomorus regalis,Scomberomorus regalis,NA,NA,S,
Scomberomorus semifasciatus,Scomberomorus semifasciatus,Scomberomorus semifasciatus,NA,NA,S,
Scomberomorus sierra,Scomberomorus sierra,Scomberomorus sierra,NA,NA,S,
Scomberomorus sinensis,Scomberomorus sinensis,Scomberomorus sinensis,NA,NA,S,
Scomberomorus tritor,Scomberomorus tritor,Scomberomorus tritor,NA,NA,S,
Scombrolabrax heterolepis,Scombrolabrax heterolepis,Scombrolabrax heterolepis,NA,NA,S,
Scombrops boops,Scombrops boops,Scombrops boops,NA,NA,S,
Scombrops gilberti,Scombrops gilberti,Scombrops gilberti,NA,NA,S,
Scombrops oculatus,Scombrops oculatus,Scombrops oculatus,NA,NA,S,
Seriolella brama,Seriolella brama,Seriolella brama,NA,NA,S,
Seriolella caerulea,Seriolella caerulea,Seriolella caerulea,NA,NA,S,
Seriolella porosa,Seriolella porosa,Seriolella porosa,NA,NA,S,
Seriolella punctata,Seriolella punctata,Seriolella punctata,NA,NA,S,
Seriolella caerulea,Seriolella tinro,Seriolella tinro,NA,NA,S,
Seriolella violacea,Seriolella violacea,Seriolella violacea,NA,NA,S,
Stromateus brasiliensis,Stromateus brasiliensis,Stromateus brasiliensis,NA,NA,S,
Stromateus fiatola,Stromateus fiatola,Stromateus fiatola,NA,NA,S,
Stromateus stellatus,Stromateus stellatus,Stromateus stellatus,NA,NA,S,
Taractes asper,Taractes asper,Taractes asper,NA,NA,S,
Taractes rubescens,Taractes rubescens,Taractes rubescens,NA,NA,S,
Taractichthys longipinnis,Taractichthys longipinnis,Taractichthys longipinnis,NA,NA,S,
Taractichthys steindachneri,Taractichthys steindachneri,Taractichthys steindachneri,NA,NA,S,
Tentoriceps cristatus,Tentoriceps cristatus,Tentoriceps cristatus,NA,NA,S,
Tetragonurus atlanticus,Tetragonurus atlanticus,Tetragonurus atlanticus,NA,NA,S,
Tetragonurus cuvieri,Tetragonurus cuvieri,Tetragonurus cuvieri,NA,NA,S,
Tetragonurus pacificus,Tetragonurus pacificus,Tetragonurus pacificus,NA,NA,S,
Thunnus alalunga,Thunnus alalunga,Thunnus alalunga,NA,NA,S,
Thunnus albacares,Thunnus albacares,Thunnus albacares,NA,NA,S,
Thunnus atlanticus,Thunnus atlanticus,Thunnus atlanticus,NA,NA,S,
Thunnus maccoyii,Thunnus maccoyii,Thunnus maccoyii,NA,NA,S,
Thunnus obesus,Thunnus obesus,Thunnus obesus,NA,NA,S,
Thunnus orientalis,Thunnus orientalis,Thunnus orientalis,NA,NA,S,
Thunnus thynnus,Thunnus thynnus,Thunnus thynnus,NA,NA,S,
Thunnus tonggol,Thunnus tonggol,Thunnus tonggol,NA,NA,S,
Leionura atun,Thyrsites atun,Thyrsites atun,NA,NA,S,
Thyrsitoides marleyi,Thyrsitoides marleyi,Thyrsitoides marleyi,NA,NA,S,
Thyrsites lepidopodea,Thyrsitops lepidopoides,Thyrsitops lepidopoides,NA,NA,S,
Tongaichthys robustus,Tongaichthys robustus,Tongaichthys robustus,NA,NA,S,
Trichiurus auriga,Trichiurus auriga,Trichiurus auriga,NA,NA,S,
Trichiurus australis,Trichiurus australis,Trichiurus australis,NA,NA,S,
Trichiurus brevis,NA,Trichiurus brevis,NA,NA,S,
Trichiurus gangeticus,Trichiurus gangeticus,Trichiurus gangeticus,NA,NA,S,
Trichiurus lepturus,Trichiurus lepturus,Trichiurus lepturus,NA,NA,S,
Trichiurus margarites,NA,Trichiurus margarites,NA,NA,S,
Trichiurus nanhaiensis,Trichiurus nanhaiensis,Trichiurus nanhaiensis,NA,NA,S,
Trichiurus nickolensis,Trichiurus nickolensis,Trichiurus nickolensis,NA,NA,S,
Trichiurus russelli,Trichiurus russelli,Trichiurus russelli,NA,NA,S,
Tubbia stewarti,Tubbia stewarti,Tubbia stewarti,NA,NA,S,
Tubbia tasmanica,Tubbia tasmanica,Tubbia tasmanica,NA,NA,S,
Xenobrama microlepis,Xenobrama microlepis,Xenobrama microlepis,NA,NA,S,
Albatrossia pectoralis,Albatrossia pectoralis,Albatrossia pectoralis,NA,NA,G,
Antimora microlepis,Antimora microlepis,Antimora microlepis,NA,NA,G,
Antimora rostrata,Antimora rostrata,Antimora rostrata,NA,NA,G,
Arctogadus borisovi,Arctogadus borisovi,Arctogadus glacialis,NA,NA,G,
Arctogadus glacialis,Arctogadus glacialis,Arctogadus glacialis,NA,NA,G,
Asthenomacrurus fragilis,Asthenomacrurus fragilis,Asthenomacrurus fragilis,NA,NA,G,
Asthenomacrurus victoris,Asthenomacrurus victoris,Asthenomacrurus victoris,NA,NA,G,
Auchenoceros punctatus,Auchenoceros punctatus,Auchenoceros punctatus,NA,NA,G,
Bathygadus antrodes,Bathygadus antrodes,Bathygadus antrodes,NA,NA,G,
Bathygadus bowersi,Bathygadus bowersi,Bathygadus bowersi,NA,NA,G,
Bathygadus cottoides,Bathygadus cottoides,Bathygadus cottoides,NA,NA,G,
Bathygadus dubiosus,Bathygadus dubiosus,Bathygadus dubiosus,NA,NA,G,
Bathygadus entomelas,Bathygadus entomelas,Bathygadus entomelas,NA,NA,G,
Bathygadus favosus,Bathygadus favosus,Bathygadus favosus,NA,NA,G,
Bathygadus furvescens,Bathygadus furvescens,Bathygadus furvescens,NA,NA,G,
Bathygadus garretti,Bathygadus garretti,Bathygadus garretti,NA,NA,G,
Bathygadus macrops,Bathygadus macrops,Bathygadus macrops,NA,NA,G,
Bathygadus melanobranchus,Bathygadus melanobranchus,Bathygadus melanobranchus,NA,NA,G,
Bathygadus nipponicus,Bathygadus nipponicus,Bathygadus nipponicus,NA,NA,G,
Bathygadus spongiceps,Bathygadus spongiceps,Bathygadus spongiceps,NA,NA,G,
Bathygadus sulcatus,Bathygadus sulcatus,Bathygadus sulcatus,NA,NA,G,
Boreogadus saida,Boreogadus saida,Boreogadus saida,NA,NA,G,
Bregmaceros arabicus,Bregmaceros arabicus,Bregmaceros arabicus,NA,NA,G,
Bregmaceros atlanticus,Bregmaceros atlanticus,Bregmaceros atlanticus,NA,NA,G,
Bregmaceros bathymaster,Bregmaceros bathymaster,Bregmaceros bathymaster,NA,NA,G,
Bregmaceros cantori,Bregmaceros cantori,Bregmaceros cantori,NA,NA,G,
Bregmaceros cayorum,NA,Bregmaceros cayorum,NA,NA,G,
Bregmaceros houdei,Bregmaceros houdei,Bregmaceros houdei,NA,NA,G,
Bregmaceros japonicus,Bregmaceros japonicus,Bregmaceros japonicus,NA,NA,G,
Bregmaceros lanceolatus,Bregmaceros lanceolatus,Bregmaceros lanceolatus,NA,NA,G,
Bregmaceros mcclellandi,Bregmaceros mcclellandi,Bregmaceros mcclellandi,NA,NA,G,
Bregmaceros nectabanus,Bregmaceros nectabanus,Bregmaceros nectabanus,NA,NA,G,
Bregmaceros neonectabanus,NA,Bregmaceros neonectabanus,NA,NA,G,
Bregmaceros nectabanus,Bregmaceros pescadorus,Bregmaceros pescadorus,NA,NA,G,
Bregmaceros pseudolanceolatus,Bregmaceros pseudolanceolatus,Bregmaceros pseudolanceolatus,NA,NA,G,
Bregmaceros rarisquamosus,Bregmaceros rarisquamosus,Bregmaceros rarisquamosus,NA,NA,G,
Brosme brosme,Brosme brosme,Brosme brosme,NA,NA,G,
Cetonurichthys subinflatus,Cetonurichthys subinflatus,Cetonurichthys subinflatus,NA,NA,G,
Cetonurus crassiceps,Cetonurus crassiceps,Cetonurus crassiceps,NA,NA,G,
Cetonurus globiceps,Cetonurus globiceps,Cetonurus globiceps,NA,NA,G,
Ciliata mustela,Ciliata mustela,Ciliata mustela,NA,NA,G,
Ciliata septentrionalis,Ciliata septentrionalis,Ciliata septentrionalis,NA,NA,G,
Ciliata tchangi,NA,Ciliata tchangi,NA,NA,G,
Coelorinchus acanthiger,Coelorinchus acanthiger,Coelorinchus acanthiger,NA,NA,G,
Coelorinchus acantholepis,Coelorinchus acantholepis,Coelorinchus acantholepis,NA,NA,G,
Coelorinchus aconcagua,Coelorinchus aconcagua,Coelorinchus aconcagua,NA,NA,G,
Coelorinchus acutirostris,Coelorinchus acutirostris,Coelorinchus acutirostris,NA,NA,G,
Coelorinchus amirantensis,NA,Coelorinchus amirantensis,NA,NA,G,
Coelorinchus amydrozosterus,Coelorinchus amydrozosterus,Coelorinchus amydrozosterus,NA,NA,G,
Coelorinchus anatirostris,Coelorinchus anatirostris,Coelorinchus anatirostris,NA,NA,G,
Coelorinchus anisacanthus,NA,Coelorinchus anisacanthus,NA,NA,G,
Coelorinchus aratrum,Coelorinchus aratrum,Coelorinchus aratrum,NA,NA,G,
Coelorinchus argentatus,Coelorinchus argentatus,Coelorinchus argentatus,NA,NA,G,
Coelorinchus argus,Coelorinchus argus,Coelorinchus argus,NA,NA,G,
Coelorinchus aspercephalus,Coelorinchus aspercephalus,Coelorinchus aspercephalus,NA,NA,G,
Coelorinchus asteroides,Coelorinchus asteroides,Coelorinchus asteroides,NA,NA,G,
Coelorinchus australis,Coelorinchus australis,Coelorinchus australis,NA,NA,G,
Coelorinchus biclinozonalis,Coelorinchus biclinozonalis,Coelorinchus biclinozonalis,NA,NA,G,
Coelorinchus bollonsi,Coelorinchus bollonsi,Coelorinchus bollonsi,NA,NA,G,
Coelorinchus braueri,Coelorinchus braueri,Coelorinchus braueri,NA,NA,G,
Coelorinchus brevirostris,Coelorinchus brevirostris,Coelorinchus brevirostris,NA,NA,G,
Macrurus carminatus,Coelorinchus carminatus,Coelorinchus caelorhincus,NA,NA,G,
Coelorinchus caelorhincus,Coelorinchus caelorhincus,Coelorinchus caelorhincus,NA,NA,G,
Coelorinchus campbellicus,Coelorinchus campbellicus,Coelorinchus campbellicus,NA,NA,G,
Coelorinchus canus,Coelorinchus canus,Coelorinchus canus,NA,NA,G,
Coelorinchus caribbaeus,Coelorinchus caribbaeus,Coelorinchus caribbaeus,NA,NA,G,
Coelorinchus carinifer,Coelorinchus carinifer,Coelorinchus carinifer,NA,NA,G,
Coelorinchus caudani,Coelorinchus caudani,Coelorinchus caudani,NA,NA,G,
Coelorinchus celaenostomus,Coelorinchus celaenostomus,Coelorinchus celaenostomus,NA,NA,G,
Coelorinchus charius,Coelorinchus charius,Coelorinchus charius,NA,NA,G,
Coelorinchus chilensis,Coelorinchus chilensis,Coelorinchus chilensis,NA,NA,G,
Coelorinchus cingulatus,Coelorinchus cingulatus,Coelorinchus cingulatus,NA,NA,G,
Coelorinchus commutabilis,Coelorinchus commutabilis,Coelorinchus commutabilis,NA,NA,G,
Coelorinchus cookianus,Coelorinchus cookianus,Coelorinchus cookianus,NA,NA,G,
Coelorinchus cylindricus,Coelorinchus cylindricus,Coelorinchus cylindricus,NA,NA,G,
Coelorinchus denticulatus,Coelorinchus denticulatus,Coelorinchus denticulatus,NA,NA,G,
Coelorinchus divergens,Coelorinchus divergens,Coelorinchus divergens,NA,NA,G,
Coelorinchus dorsalis,Coelorinchus dorsalis,Coelorinchus dorsalis,NA,NA,G,
Coelorinchus doryssus,Coelorinchus doryssus,Coelorinchus doryssus,NA,NA,G,
Coelorinchus fasciatus,Coelorinchus fasciatus,Coelorinchus fasciatus,NA,NA,G,
Coelorinchus flabellispinnis,Coelorinchus flabellispinnis,Coelorinchus flabellispinnis,NA,NA,G,
Coelorinchus formosanus,Coelorinchus formosanus,Coelorinchus formosanus,NA,NA,G,
Coelorinchus fuscigulus,NA,Coelorinchus fuscigulus,NA,NA,G,
Coelorinchus gaesorhynchus,Coelorinchus gaesorhynchus,Coelorinchus gaesorhynchus,NA,NA,G,
Coelorinchus geronimo,Coelorinchus geronimo,Coelorinchus geronimo,NA,NA,G,
Coelorinchus gilberti,Coelorinchus gilberti,Coelorinchus gilberti,NA,NA,G,
Coelorinchus gladius,Coelorinchus gladius,Coelorinchus gladius,NA,NA,G,
Coelorinchus goobala,Coelorinchus goobala,Coelorinchus goobala,NA,NA,G,
Coelorinchus gormani,Coelorinchus gormani,Coelorinchus gormani,NA,NA,G,
Coelorinchus hexafasciatus,Coelorinchus hexafasciatus,Coelorinchus hexafasciatus,NA,NA,G,
Coelorinchus hige,NA,Coelorinchus hige,NA,NA,G,
Coelorinchus hoangi,Coelorinchus hoangi,Coelorinchus hoangi,NA,NA,G,
Coelorinchus horribilis,Coelorinchus horribilis,Coelorinchus horribilis,NA,NA,G,
Coelorinchus hubbsi,Coelorinchus hubbsi,Coelorinchus hubbsi,NA,NA,G,
Coelorinchus immaculatus,Coelorinchus immaculatus,Coelorinchus immaculatus,NA,NA,G,
Coelorinchus infuscus,Coelorinchus infuscus,Coelorinchus infuscus,NA,NA,G,
Coelorinchus innotabilis,Coelorinchus innotabilis,Coelorinchus innotabilis,NA,NA,G,
Coelorinchus japonicus,Coelorinchus japonicus,Coelorinchus japonicus,NA,NA,G,
Coelorinchus jordani,Coelorinchus jordani,Coelorinchus jordani,NA,NA,G,
Coelorinchus kaiyomaru,Coelorinchus kaiyomaru,Coelorinchus kaiyomaru,NA,NA,G,
Coelorinchus kamoharai,Coelorinchus kamoharai,Coelorinchus kamoharai,NA,NA,G,
Coelorinchus karrerae,Coelorinchus karrerae,Coelorinchus karrerae,NA,NA,G,
Coelorinchus kermadecus,Coelorinchus kermadecus,Coelorinchus kermadecus,NA,NA,G,
Coelorinchus kishinouyei,Coelorinchus kishinouyei,Coelorinchus kishinouyei,NA,NA,G,
Coelorinchus labiatus,Coelorinchus labiatus,Coelorinchus labiatus,NA,NA,G,
Coelorinchus lasti,Coelorinchus lasti,Coelorinchus lasti,NA,NA,G,
Coelorinchus leptorhinus,Coelorinchus leptorhinus,Coelorinchus leptorhinus,NA,NA,G,
Coelorinchus tokiensis,Coelorinchus tokiensis,Coelorinchus longicephalus,Coelorinchus tokiensis,1982,G,Split documented in ECoF
Coelorinchus longissimus,Coelorinchus longissimus,Coelorinchus longissimus,NA,NA,G,
Coelorinchus macrochir,Coelorinchus macrochir,Coelorinchus macrochir,NA,NA,G,
Coelorinchus macrolepis,Coelorinchus macrolepis,Coelorinchus macrolepis,NA,NA,G,
Coelorinchus macrorhynchus,Coelorinchus macrorhynchus,Coelorinchus macrorhynchus,NA,NA,G,
Coelorinchus maculatus,Coelorinchus maculatus,Coelorinchus maculatus,NA,NA,G,
Coelorinchus marinii,Coelorinchus marinii,Coelorinchus marinii,NA,NA,G,
Coelorinchus matamua,Coelorinchus matamua,Coelorinchus matamua,NA,NA,G,
Coelorinchus matsubarai,NA,Coelorinchus matsubarai,NA,NA,G,
Coelorinchus maurofasciatus,Coelorinchus maurofasciatus,Coelorinchus maurofasciatus,NA,NA,G,
Coelorinchus mayiae,Coelorinchus mayiae,Coelorinchus mayiae,NA,NA,G,
Coelorinchus mediterraneus,Coelorinchus mediterraneus,Coelorinchus mediterraneus,NA,NA,G,
Coelorinchus melanobranchus,Coelorinchus melanobranchus,Coelorinchus melanobranchus,NA,NA,G,
Coelorinchus melanosagmatus,Coelorinchus melanosagmatus,Coelorinchus melanosagmatus,NA,NA,G,
Coelorinchus mirus,Coelorinchus mirus,Coelorinchus mirus,NA,NA,G,
Coelorinchus multifasciatus,Coelorinchus multifasciatus,Coelorinchus multifasciatus,NA,NA,G,
Coelorinchus multispinulosus,Coelorinchus multispinulosus,Coelorinchus multispinulosus,NA,NA,G,
Coelorinchus mycterismus,Coelorinchus mycterismus,Coelorinchus mycterismus,NA,NA,G,
Coelorinchus mystax,Coelorinchus mystax,Coelorinchus mystax,NA,NA,G,
Coelorinchus nazcaensis,Coelorinchus nazcaensis,Coelorinchus nazcaensis,NA,NA,G,
Coelorinchus notatus,Coelorinchus notatus,Coelorinchus notatus,NA,NA,G,
Coelorinchus obscuratus,Coelorinchus obscuratus,Coelorinchus obscuratus,NA,NA,G,
Coelorinchus occa,Coelorinchus occa,Coelorinchus occa,NA,NA,G,
Coelorinchus oliverianus,Coelorinchus oliverianus,Coelorinchus oliverianus,NA,NA,G,
Coelorinchus osipullus,Coelorinchus osipullus,Coelorinchus osipullus,NA,NA,G,
Coelorinchus parallelus,Coelorinchus parallelus,Coelorinchus parallelus,NA,NA,G,
Coelorinchus pardus,Coelorinchus pardus,Coelorinchus pardus,NA,NA,G,
Coelorinchus parvifasciatus,Coelorinchus parvifasciatus,Coelorinchus parvifasciatus,NA,NA,G,
Coelorinchus platorhynchus,Coelorinchus platorhynchus,Coelorinchus platorhynchus,NA,NA,G,
Coelorinchus polli,Coelorinchus polli,Coelorinchus polli,NA,NA,G,
Coelorinchus productus,Coelorinchus productus,Coelorinchus productus,NA,NA,G,
Coelorinchus pseudoparallelus,Coelorinchus pseudoparallelus,Coelorinchus pseudoparallelus,NA,NA,G,
Coelorinchus quadricristatus,Coelorinchus quadricristatus,Coelorinchus quadricristatus,NA,NA,G,
Coelorinchus quincunciatus,Coelorinchus quincunciatus,Coelorinchus quincunciatus,NA,NA,G,
Coelorinchus radcliffei,Coelorinchus radcliffei,Coelorinchus radcliffei,NA,NA,G,
Coelorinchus scaphopsis,Coelorinchus scaphopsis,Coelorinchus scaphopsis,NA,NA,G,
Coelorinchus semaphoreus,Coelorinchus semaphoreus,Coelorinchus semaphoreus,NA,NA,G,
Coelorinchus sereti,Coelorinchus sereti,Coelorinchus sereti,NA,NA,G,
Coelorinchus sexradiatus,Coelorinchus sexradiatus,Coelorinchus sexradiatus,NA,NA,G,
Coelorinchus shcherbachevi,Coelorinchus shcherbachevi,Coelorinchus shcherbachevi,NA,NA,G,
Coelorinchus sheni,Coelorinchus sheni,Coelorinchus sheni,NA,NA,G,
Coelorinchus simorhynchus,Coelorinchus simorhynchus,Coelorinchus simorhynchus,NA,NA,G,
Coelorinchus smithi,Coelorinchus smithi,Coelorinchus smithi,NA,NA,G,
Coelorinchus sparsilepis,NA,Coelorinchus sparsilepis,NA,NA,G,
Coelorinchus spathulatus,Coelorinchus spathulatus,Coelorinchus spathulatus,NA,NA,G,
Coelorinchus spilonotus,Coelorinchus spilonotus,Coelorinchus spilonotus,NA,NA,G,
Coelorinchus spinifer,Coelorinchus spinifer,Coelorinchus spinifer,NA,NA,G,
Coelorinchus supernasutus,Coelorinchus supernasutus,Coelorinchus supernasutus,NA,NA,G,
Coelorinchus thompsoni,Coelorinchus thompsoni,Coelorinchus thompsoni,NA,NA,G,
Coelorinchus thurla,Coelorinchus thurla,Coelorinchus thurla,NA,NA,G,
Coelorinchus tokiensis,Coelorinchus tokiensis,Coelorinchus tokiensis,NA,NA,G,
Coelorinchus trachycarus,Coelorinchus trachycarus,Coelorinchus trachycarus,NA,NA,G,
Coelorinchus triocellatus,Coelorinchus triocellatus,Coelorinchus triocellatus,NA,NA,G,
Coelorinchus trunovi,Coelorinchus trunovi,Coelorinchus trunovi,NA,NA,G,
Coelorinchus velifer,Coelorinchus velifer,Coelorinchus velifer,NA,NA,G,
Coelorinchus ventrilux,Coelorinchus ventrilux,Coelorinchus ventrilux,NA,NA,G,
Coelorinchus vityazae,Coelorinchus vityazae,Coelorinchus vityazae,NA,NA,G,
Coelorinchus weberi,Coelorinchus weberi,Coelorinchus weberi,NA,NA,G,
Coelorinchus yurii,NA,Coelorinchus yurii,NA,NA,G,
Coryphaenoides acrolepis,Coryphaenoides acrolepis,Coryphaenoides acrolepis,NA,NA,G,
Coryphaenoides affinis,NA,Coryphaenoides affinis,NA,NA,G,
Coryphaenoides alateralis,Coryphaenoides alateralis,Coryphaenoides alateralis,NA,NA,G,
Coryphaenoides altipinnis,NA,Coryphaenoides altipennis,NA,NA,G,
Coryphaenoides anguliceps,Coryphaenoides anguliceps,Coryphaenoides anguliceps,NA,NA,G,
Coryphaenoides ariommus,Coryphaenoides ariommus,Coryphaenoides ariommus,NA,NA,G,
Coryphaenoides armatus,Coryphaenoides armatus,Coryphaenoides armatus,NA,NA,G,
Coryphaenoides asper,Coryphaenoides asper,Coryphaenoides asper,NA,NA,G,
Coryphaenoides aequatoris,NA,Coryphaenoides asperellus,NA,NA,G,
Coryphaenoides asprellus,Coryphaenoides asprellus,Coryphaenoides asprellus,NA,NA,G,
Coryphaenoides boops,Coryphaenoides boops,Coryphaenoides boops,NA,NA,G,
Coryphaenoides brevibarbis,Coryphaenoides brevibarbis,Coryphaenoides brevibarbis,NA,NA,G,
Coryphaenoides bucephalus,NA,Coryphaenoides bucephalus,NA,NA,G,
Coryphaenoides bulbiceps,Coryphaenoides bulbiceps,Coryphaenoides bulbiceps,NA,NA,G,
Coryphaenoides camurus,Coryphaenoides camurus,Coryphaenoides camurus,NA,NA,G,
Coryphaenoides capito,Coryphaenoides capito,Coryphaenoides capito,NA,NA,G,
Coryphaenoides carapinus,Coryphaenoides carapinus,Coryphaenoides carapinus,NA,NA,G,
Coryphaenoides carminifer,Coryphaenoides carminifer,Coryphaenoides carminifer,NA,NA,G,
Coryphaenoides castaneus,NA,Coryphaenoides castaneus,NA,NA,G,
Coryphaenoides cinereus,Coryphaenoides cinereus,Coryphaenoides cinereus,NA,NA,G,
Coryphaenoides delsolari,Coryphaenoides delsolari,Coryphaenoides delsolari,NA,NA,G,
Coryphaenoides dossenus,Coryphaenoides dossenus,Coryphaenoides dossenus,NA,NA,G,
Coryphaenoides dubius,Coryphaenoides dubius,Coryphaenoides dubius,NA,NA,G,
Coryphaenoides fernandezianus,Coryphaenoides fernandezianus,Coryphaenoides fernandezianus,NA,NA,G,
Coryphaenoides ferrieri,Coryphaenoides ferrieri,Coryphaenoides ferrieri,NA,NA,G,
Coryphaenoides filamentosus,NA,Coryphaenoides filamentosus,NA,NA,G,
Coryphaenoides filicauda,Coryphaenoides filicauda,Coryphaenoides filicauda,NA,NA,G,
Coryphaenoides filiferus,Coryphaenoides filifer,Coryphaenoides filifer,NA,NA,G,
Coryphaenoides grahami,Coryphaenoides grahami,Coryphaenoides grahami,NA,NA,G,
Coryphaenoides guentheri,Coryphaenoides guentheri,Coryphaenoides guentheri,NA,NA,G,
Coryphaenoides gypsochilus,Coryphaenoides gypsochilus,Coryphaenoides gypsochilus,NA,NA,G,
Coryphaenoides hextii,Coryphaenoides hextii,Coryphaenoides hextii,NA,NA,G,
Coryphaenoides hoskynii,NA,Coryphaenoides hoskynii,NA,NA,G,
Coryphaenoides lecointei,Coryphaenoides lecointei,Coryphaenoides lecointei,NA,NA,G,
Coryphaenoides leptolepis,Coryphaenoides leptolepis,Coryphaenoides leptolepis,NA,NA,G,
Coryphaenoides liocephalus,Coryphaenoides liocephalus,Coryphaenoides liocephalus,NA,NA,G,
Coryphaenoides longicirrhus,Coryphaenoides longicirrhus,Coryphaenoides longicirrhus,NA,NA,G,
Coryphaenoides longifilis,Coryphaenoides longifilis,Coryphaenoides longifilis,NA,NA,G,
Coryphaenoides macrolophus,Coryphaenoides macrolophus,Coryphaenoides macrolophus,NA,NA,G,
Coryphaenoides marginatus,Coryphaenoides marginatus,Coryphaenoides marginatus,NA,NA,G,
Coryphaenoides marshalli,Coryphaenoides marshalli,Coryphaenoides marshalli,NA,NA,G,
Coryphaenoides mcmillani,Coryphaenoides mcmillani,Coryphaenoides mcmillani,NA,NA,G,
Coryphaenoides mediterraneus,Coryphaenoides mediterraneus,Coryphaenoides mediterraneus,NA,NA,G,
Coryphaenoides mexicanus,Coryphaenoides mexicanus,Coryphaenoides mexicanus,NA,NA,G,
Coryphaenoides microps,Coryphaenoides microps,Coryphaenoides microps,NA,NA,G,
Coryphaenoides microstomus,Coryphaenoides microstomus,Coryphaenoides microstomus,NA,NA,G,
Coryphaenoides murrayi,Coryphaenoides murrayi,Coryphaenoides murrayi,NA,NA,G,
Coryphaenoides myersi,Coryphaenoides myersi,Coryphaenoides myersi,NA,NA,G,
Coryphaenoides nasutus,Coryphaenoides nasutus,Coryphaenoides nasutus,NA,NA,G,
Coryphaenoides oreinos,Coryphaenoides oreinos,Coryphaenoides oreinos,NA,NA,G,
Coryphaenoides orthogrammus,Coryphaenoides orthogrammus,Coryphaenoides orthogrammus,NA,NA,G,
Coryphaenoides paramarshalli,Coryphaenoides paramarshalli,Coryphaenoides paramarshalli,NA,NA,G,
Coryphaenoides profundicolus,Coryphaenoides profundicolus,Coryphaenoides profundicolus,NA,NA,G,
Coryphaenoides rudis,Coryphaenoides rudis,Coryphaenoides rudis,NA,NA,G,
Coryphaenoides rupestris,Coryphaenoides rupestris,Coryphaenoides rupestris,NA,NA,G,
Coryphaenoides semiscaber,Coryphaenoides semiscaber,Coryphaenoides semiscaber,NA,NA,G,
Coryphaenoides serrulatus,Coryphaenoides serrulatus,Coryphaenoides serrulatus,NA,NA,G,
Coryphaenoides sibogae,NA,Coryphaenoides sibogae,NA,NA,G,
Coryphaenoides soyoae,NA,Coryphaenoides soyoae,NA,NA,G,
Coryphaenoides acrolepis,Coryphaenoides spinulosus,Coryphaenoides spinulosus,NA,NA,G,
Coryphaenoides striaturus,Coryphaenoides striaturus,Coryphaenoides striaturus,NA,NA,G,
Coryphaenoides subserrulatus,Coryphaenoides subserrulatus,Coryphaenoides subserrulatus,NA,NA,G,
Coryphaenoides thelestomus,Coryphaenoides thelestomus,Coryphaenoides thelestomus,NA,NA,G,
Coryphaenoides tydemani,Coryphaenoides tydemani,Coryphaenoides tydemani,NA,NA,G,
Coryphaenoides woodmasoni,Coryphaenoides woodmasoni,Coryphaenoides woodmasoni,NA,NA,G,
Coryphaenoides yaquinae,Coryphaenoides yaquinae,Coryphaenoides yaquinae,NA,NA,G,
Coryphaenoides zaniophorus,Coryphaenoides zaniophorus,Coryphaenoides zaniophorus,NA,NA,G,
Cynomacrurus piriei,Cynomacrurus piriei,Cynomacrurus piriei,NA,NA,G,
Echinomacrurus mollis,Echinomacrurus mollis,Echinomacrurus mollis,NA,NA,G,
Pseudonezumia occidentalis,Echinomacrurus occidentalis,Echinomacrurus occidentalis,NA,NA,G,
Eeyorius hutchinsi,Eeyorius hutchinsi,Eeyorius hutchinsi,NA,NA,G,
Eleginus gracilis,Eleginus gracilis,Eleginus gracilis,NA,NA,G,
Eleginus nawaga,Eleginus nawaga,Eleginus nawaga,NA,NA,G,
Enchelyopus cimbrius,Enchelyopus cimbrius,Enchelyopus cimbrius,NA,NA,G,
Eretmophorus kleinenbergi,Eretmophorus kleinenbergi,Eretmophorus kleinenbergi,NA,NA,G,
Euclichthys polynemus,Euclichthys polynemus,Euclichthys polynemus,NA,NA,G,
Gadella brocca,Gadella brocca,Gadella brocca,NA,NA,G,
Gadella dancoheni,Gadella dancoheni,Gadella dancoheni,NA,NA,G,
Gadella edelmanni,Gadella edelmanni,Gadella edelmanni,NA,NA,G,
Gadella filifer,Gadella filifer,Gadella filifer,NA,NA,G,
Gadella imberbis,Gadella imberbis,Gadella imberbis,NA,NA,G,
Gadella jordani,Gadella jordani,Gadella jordani,NA,NA,G,
Gadella macrura,Gadella macrura,Gadella macrura,NA,NA,G,
Gadella maraldi,Gadella maraldi,Gadella maraldi,NA,NA,G,
Gadella molokaiensis,Gadella molokaiensis,Gadella molokaiensis,NA,NA,G,
Gadella jordani,Gadella norops,Gadella norops,NA,NA,G,
Gadella obscurus,Gadella obscurus,Gadella obscurus,NA,NA,G,
Gadella svetovidovi,NA,Gadella svetovidovi,NA,NA,G,
Gadella thysthlon,Gadella thysthlon,Gadella thysthlon,NA,NA,G,
Gadiculus argenteus,Gadiculus argenteus,Gadiculus argenteus,NA,NA,G,
Gadiculus argenteus,Gadiculus thori,Gadiculus thori,NA,NA,G,
Gadomus aoteanus,Gadomus aoteanus,Gadomus aoteanus,NA,NA,G,
Gadomus arcuatus,Gadomus arcuatus,Gadomus arcuatus,NA,NA,G,
Gadomus capensis,Gadomus capensis,Gadomus capensis,NA,NA,G,
Gadomus colletti,Gadomus colletti,Gadomus colletti,NA,NA,G,
Gadomus denticulatus,Gadomus denticulatus,Gadomus denticulatus,NA,NA,G,
Gadomus dispar,Gadomus dispar,Gadomus dispar,NA,NA,G,
Gadomus filamentosus,Gadomus filamentosus,Gadomus filamentosus,NA,NA,G,
Gadomus introniger,Gadomus introniger,Gadomus introniger,NA,NA,G,
Gadomus longifilis,Gadomus longifilis,Gadomus longifilis,NA,NA,G,
Gadomus magnifilis,Gadomus magnifilis,Gadomus magnifilis,NA,NA,G,
Gadomus melanopterus,Gadomus melanopterus,Gadomus melanopterus,NA,NA,G,
Gadomus multifilis,Gadomus multifilis,Gadomus multifilis,NA,NA,G,
Gadomus pepperi,Gadomus pepperi,Gadomus pepperi,NA,NA,G,
Gadus chalcogrammus,Gadus chalcogrammus,Gadus chalcogrammus,NA,NA,G,
Gadus macrocephalus,Gadus macrocephalus,Gadus macrocephalus,NA,NA,G,
Gadus morhua,Gadus morhua,Gadus morhua,NA,NA,G,
Gaidropsarus argentatus,Gaidropsarus argentatus,Gaidropsarus argentatus,NA,NA,G,
Gaidropsarus macrophthalmus,Gaidropsarus biscayensis,Gaidropsarus biscayensis,NA,NA,G,
Gaidropsarus capensis,Gaidropsarus capensis,Gaidropsarus capensis,NA,NA,G,
Gaidropsarus ensis,Gaidropsarus ensis,Gaidropsarus ensis,NA,NA,G,
Gaidropsarus granti,Gaidropsarus granti,Gaidropsarus granti,NA,NA,G,
Gaidropsarus mediterraneus,Gaidropsarus guttatus,Gaidropsarus guttatus,NA,NA,G,
Gaidropsarus insularum,Gaidropsarus insularum,Gaidropsarus insularum,NA,NA,G,
Gaidropsarus macrophthalmus,Gaidropsarus macrophthalmus,Gaidropsarus macrophthalmus,NA,NA,G,
Gaidropsarus mediterraneus,Gaidropsarus mediterraneus,Gaidropsarus mediterraneus,NA,NA,G,
Gaidropsarus novaezealandiae,Gaidropsarus novaezealandiae,Gaidropsarus novaezealandiae,NA,NA,G,
Gaidropsarus pakhorukovi,NA,Gaidropsarus pakhorukovi,NA,NA,G,
Gaidropsarus parini,Gaidropsarus parini,Gaidropsarus parini,NA,NA,G,
Gaidropsarus vulgaris,Gaidropsarus vulgaris,Gaidropsarus vulgaris,NA,NA,G,
Guttigadus globiceps,Guttigadus globiceps,Guttigadus globiceps,NA,NA,G,
Guttigadus globosus,Guttigadus globosus,Guttigadus globosus,NA,NA,G,
Guttigadus kongi,Guttigadus kongi,Guttigadus kongi,NA,NA,G,
Guttigadus latifrons,Guttigadus latifrons,Guttigadus latifrons,NA,NA,G,
Guttigadus nudicephalus,Guttigadus nudicephalus,Guttigadus nudicephalus,NA,NA,G,
Guttigadus nudirostre,NA,Guttigadus nudirostre,NA,NA,G,
Guttigadus squamirostris,NA,Guttigadus squamirostre,NA,NA,G,
Halargyreus johnsonii,Halargyreus johnsonii,Halargyreus johnsonii,NA,NA,G,
Haplomacrourus nudirostris,Haplomacrourus nudirostris,Haplomacrourus nudirostris,NA,NA,G,
Hymenocephalus aeger,Hymenocephalus aeger,Hymenocephalus aeger,NA,NA,G,
Hymenocephalus antraeus,Hymenocephalus antraeus,Hymenocephalus antraeus,NA,NA,G,
Hymenocephalus aterrimus,Hymenocephalus aterrimus,Hymenocephalus aterrimus,NA,NA,G,
Hymenocephalus barbatulus,NA,Hymenocephalus barbatulus,NA,NA,G,
Hymenocephalus billsam,Hymenocephalus billsam,Hymenocephalus billsam,NA,NA,G,
Hymenocephalus fuscus,Hymenocephalus fuscus,Hymenocephalus fuscus,NA,NA,G,
Hymenocephalus grimaldii,Hymenocephalus grimaldii,Hymenocephalus grimaldii,NA,NA,G,
Hymenocephalus hachijoensis,Hymenocephalus hachijoensis,Hymenocephalus hachijoensis,NA,NA,G,
Hymenocephalus heterolepis,Hymenocephalus heterolepis,Hymenocephalus heterolepis,NA,NA,G,
Hymenocephalus italicus,Hymenocephalus italicus,Hymenocephalus italicus,NA,NA,G,
Hymenocephalus iwamotoi,NA,Hymenocephalus iwamotoi,NA,NA,G,
Hymenocephalus lethonemus,Hymenocephalus lethonemus,Hymenocephalus lethonemus,NA,NA,G,
Hymenocephalus longibarbis,Hymenocephalus longibarbis,Hymenocephalus longibarbis,NA,NA,G,
Hymenocephalus longiceps,Hymenocephalus longiceps,Hymenocephalus longiceps,NA,NA,G,
Hymenocephalus longipes,Hymenocephalus longipes,Hymenocephalus longipes,NA,NA,G,
Hymenocephalus maculicaudus,Hymenocephalus maculicaudus,Hymenocephalus maculicaudus,NA,NA,G,
Hymenocephalus megalops,Hymenocephalus megalops,Hymenocephalus megalops,NA,NA,G,
Hymenocephalus nascens,Hymenocephalus nascens,Hymenocephalus nascens,NA,NA,G,
Hymenocephalus neglectissimus,Hymenocephalus neglectissimus,Hymenocephalus neglectissimus,NA,NA,G,
Hymenocephalus nesaeae,Hymenocephalus nesaeae,Hymenocephalus nesaeae,NA,NA,G,
Hymenocephalus papyraceus,NA,Hymenocephalus papyraceus,NA,NA,G,
Hymenocephalus punt,NA,Hymenocephalus punt,NA,NA,G,
Hymenocephalus sazonovi,NA,Hymenocephalus sazonovi,NA,NA,G,
Hymenocephalus semipellucidus,Hymenocephalus semipellucidus,Hymenocephalus semipellucidus,NA,NA,G,
Hymenocephalus striatissimus,Hymenocephalus striatissimus,Hymenocephalus striatissimus,NA,NA,G,
Hymenocephalus striatulus,Hymenocephalus striatulus,Hymenocephalus striatulus,NA,NA,G,
Hymenocephalus torvus,Hymenocephalus torvus,Hymenocephalus torvus,NA,NA,G,
Hymenocephalus yamasakiorum,NA,Hymenocephalus yamasakiorum,NA,NA,G,
Hymenogadus gracilis,Hymenogadus gracilis,Hymenogadus gracilis,NA,NA,G,
Hymenocephalus tenuis,Hymenocephalus tenuis,Hymenogadus tenuis,NA,NA,G,
Idiolophorhynchus andriashevi,Idiolophorhynchus andriashevi,Idiolophorhynchus andriashevi,NA,NA,G,
Kumba calvifrons,NA,Kumba calvifrons,NA,NA,G,
Kumba dentoni,NA,Kumba dentoni,NA,NA,G,
Kumba gymnorhynchus,Kumba gymnorhynchus,Kumba gymnorhynchus,NA,NA,G,
Kumba hebetata,Kumba hebetata,Kumba hebetata,NA,NA,G,
Kumba japonica,Kumba japonica,Kumba japonica,NA,NA,G,
Kumba maculisquama,NA,Kumba maculisquama,NA,NA,G,
Kumba musorstom,Kumba musorstom,Kumba musorstom,NA,NA,G,
Kumba punctulata,Kumba punctulata,Kumba punctulata,NA,NA,G,
Kuronezumia bubonis,Kuronezumia bubonis,Kuronezumia bubonis,NA,NA,G,
Kuronezumia leonis,Kuronezumia leonis,Kuronezumia leonis,NA,NA,G,
Kuronezumia macronema,Kuronezumia macronema,Kuronezumia macronema,NA,NA,G,
Kuronezumia paepkei,Kuronezumia paepkei,Kuronezumia paepkei,NA,NA,G,
Kuronezumia pallida,Kuronezumia pallida,Kuronezumia pallida,NA,NA,G,
Laemonema barbatulum,Laemonema barbatulum,Laemonema barbatulum,NA,NA,G,
Laemonema compressicauda,Laemonema compressicauda,Laemonema compressicauda,NA,NA,G,
Laemonema filodorsale,Laemonema filodorsale,Laemonema filodorsale,NA,NA,G,
Laemonema goodebeanorum,Laemonema goodebeanorum,Laemonema goodebeanorum,NA,NA,G,
Laemonema gracillipes,Laemonema gracillipes,Laemonema gracillipes,NA,NA,G,
Laemonema laureysi,Laemonema laureysi,Laemonema laureysi,NA,NA,G,
Laemonema longipes,Laemonema longipes,Laemonema longipes,NA,NA,G,
Laemonema macronema,Laemonema macronema,Laemonema macronema,NA,NA,G,
Laemonema melanurum,Laemonema melanurum,Laemonema melanurum,NA,NA,G,
Laemonema modestum,Laemonema modestum,Laemonema modestum,NA,NA,G,
Guttigadus nana,Laemonema nana,Laemonema nana,NA,NA,G,
Guttigadus nana,NA,Laemonema nana,NA,NA,G,
Laemonema rhodochir,Laemonema rhodochir,Laemonema rhodochir,NA,NA,G,
Laemonema robustum,Laemonema robustum,Laemonema robustum,NA,NA,G,
Laemonema verecundum,Laemonema verecundum,Laemonema verecundum,NA,NA,G,
Laemonema yarrellii,Laemonema yarrellii,Laemonema yarrellii,NA,NA,G,
Laemonema yuvto,Laemonema yuvto,Laemonema yuvto,NA,NA,G,
Lepidion capensis,Lepidion capensis,Lepidion capensis,NA,NA,G,
Lepidion capensis,Lepidion ensiferus,Lepidion ensiferus,NA,NA,G,
Lepidion lepidion,Lepidion eques,Lepidion eques,NA,NA,G,
Lepidion guentheri,Lepidion guentheri,Lepidion guentheri,NA,NA,G,
Lepidion inosimae,Lepidion inosimae,Lepidion inosimae,NA,NA,G,
Lepidion lepidion,Lepidion lepidion,Lepidion lepidion,NA,NA,G,
Lepidion microcephalus,Lepidion microcephalus,Lepidion microcephalus,NA,NA,G,
Lepidion natalensis,Lepidion natalensis,Lepidion natalensis,NA,NA,G,
Lepidion schmidti,Lepidion schmidti,Lepidion schmidti,NA,NA,G,
Lepidorhynchus denticulatus,Lepidorhynchus denticulatus,Lepidorhynchus denticulatus,NA,NA,G,
Lota lota,Lota lota,Lota lota,NA,NA,G,
Lotella fernandeziana,Lotella fernandeziana,Lotella fernandeziana,NA,NA,G,
Lotella phycis,Lotella phycis,Lotella phycis,NA,NA,G,
Lotella rhacina,Lotella rhacina,Lotella rhacina,NA,NA,G,
Lotella tosaensis,Lotella tosaensis,Lotella tosaensis,NA,NA,G,
Lucigadus acrolophus,Lucigadus acrolophus,Lucigadus acrolophus,NA,NA,G,
Lucigadus borealis,NA,Lucigadus borealis,NA,NA,G,
Lucigadus lucifer,Lucigadus lucifer,Lucigadus lucifer,NA,NA,G,
Lucigadus microlepis,Lucigadus microlepis,Lucigadus microlepis,NA,NA,G,
Lucigadus nigromaculatus,Lucigadus nigromaculatus,Lucigadus nigromaculatus,NA,NA,G,
Lucigadus nigromarginatus,Lucigadus nigromarginatus,Lucigadus nigromarginatus,NA,NA,G,
Lucigadus ori,Lucigadus ori,Lucigadus ori,NA,NA,G,
Lucigadus potronus,NA,Lucigadus potronus,NA,NA,G,
Lyconodes argenteus,NA,Lyconodes argenteus,NA,NA,G,
Lyconus brachycolus,Lyconus brachycolus,Lyconus brachycolus,NA,NA,G,
Lyconus pinnatus,Lyconus pinnatus,Lyconus pinnatus,NA,NA,G,
Macrosmia phalacra,Macrosmia phalacra,Macrosmia phalacra,NA,NA,G,
Macrouroides inflaticeps,Macrouroides inflaticeps,Macrouroides inflaticeps,NA,NA,G,
Macrourus berglax,Macrourus berglax,Macrourus berglax,NA,NA,G,
Macrourus caml,Macrourus caml,Macrourus caml,NA,NA,G,
Macrourus carinatus,Macrourus carinatus,Macrourus carinatus,NA,NA,G,
Macrourus holotrachys,Macrourus holotrachys,Macrourus holotrachys,NA,NA,G,
Macrourus whitsoni,Macrourus whitsoni,Macrourus whitsoni,NA,NA,G,
Macruronus novaezelandiae,Macruronus capensis,Macruronus capensis,NA,NA,G,
Macruronus maderensis,NA,Macruronus maderensis,NA,NA,G,
Macruronus novaezelandiae,Macruronus magellanicus,Macruronus magellanicus,NA,NA,G,
Macruronus novaezelandiae,Macruronus novaezelandiae,Macruronus novaezelandiae,NA,NA,G,
Macruronus novaezelandiae,Malacocephalus boretzi,Malacocephalus boretzi,NA,NA,G,
Malacocephalus laevis,Malacocephalus hawaiiensis,Malacocephalus hawaiiensis,NA,NA,G,
Malacocephalus laevis,Malacocephalus laevis,Malacocephalus laevis,NA,NA,G,
Malacocephalus luzonensis,Malacocephalus luzonensis,Malacocephalus luzonensis,NA,NA,G,
Malacocephalus laevis,Malacocephalus nipponensis,Malacocephalus nipponensis,NA,NA,G,
Malacocephalus occidentalis,Malacocephalus occidentalis,Malacocephalus occidentalis,NA,NA,G,
Malacocephalus okamurai,Malacocephalus okamurai,Malacocephalus okamurai,NA,NA,G,
Mataeocephalus acipenserinus,Mataeocephalus acipenserinus,Mataeocephalus acipenserinus,NA,NA,G,
Mataeocephalus adustus,Mataeocephalus adustus,Mataeocephalus adustus,NA,NA,G,
Mataeocephalus cristatus,Mataeocephalus cristatus,Mataeocephalus cristatus,NA,NA,G,
Mataeocephalus hyostomus,Mataeocephalus hyostomus,Mataeocephalus hyostomus,NA,NA,G,
Mataeocephalus kotlyari,Mataeocephalus kotlyari,Mataeocephalus kotlyari,NA,NA,G,
Mataeocephalus tenuicauda,Mataeocephalus tenuicauda,Mataeocephalus tenuicauda,NA,NA,G,
Melanogrammus aeglefinus,Melanogrammus aeglefinus,Melanogrammus aeglefinus,NA,NA,G,
Melanonus gracilis,Melanonus gracilis,Melanonus gracilis,NA,NA,G,
Melanonus zugmayeri,Melanonus zugmayeri,Melanonus zugmayeri,NA,NA,G,
Merlangius merlangus,Merlangius merlangus,Merlangius merlangus,NA,NA,G,
Merluccius albidus,Merluccius albidus,Merluccius albidus,NA,NA,G,
Merluccius productus,Merluccius angustimanus,Merluccius angustimanus,NA,NA,G,
Merluccius australis,Merluccius australis,Merluccius australis,NA,NA,G,
Merluccius polylepis,Merluccius polylepis,Merluccius australis,NA,NA,G,
Merluccius bilinearis,Merluccius bilinearis,Merluccius bilinearis,NA,NA,G,
Merluccius capensis,Merluccius capensis,Merluccius capensis,NA,NA,G,
Merluccius gayi,Merluccius gayi gayi,Merluccius gayi gayi,NA,NA,G,
Merluccius gayi,Merluccius gayi peruanus,Merluccius gayi peruanus,NA,NA,G,
Merluccius productus,Merluccius productus,Merluccius hernandezi,NA,NA,G,
Merluccius hubbsi,Merluccius hubbsi,Merluccius hubbsi,NA,NA,G,
Merluccius merluccius,Merluccius merluccius,Merluccius merluccius,NA,NA,G,
Merluccius paradoxus,Merluccius paradoxus,Merluccius paradoxus,NA,NA,G,
Merluccius hubbsi,Merluccius patagonicus,Merluccius patagonicus,NA,NA,G,
Merluccius polli,Merluccius polli,Merluccius polli,NA,NA,G,
Merluccius productus,Merluccius productus,Merluccius productus,NA,NA,G,
Merluccius senegalensis,Merluccius senegalensis,Merluccius senegalensis,NA,NA,G,
Merluccius australis,Merluccius tasmanicus,Merluccius tasmanicus,NA,NA,G,
Mesobius antipodum,Mesobius antipodum,Mesobius antipodum,NA,NA,G,
Mesobius berryi,Mesobius berryi,Mesobius berryi,NA,NA,G,
Microgadus proximus,Microgadus proximus,Microgadus proximus,NA,NA,G,
Microgadus tomcod,Microgadus tomcod,Microgadus tomcod,NA,NA,G,
Micromesistius australis,Micromesistius australis,Micromesistius australis,NA,NA,G,
Micromesistius poutassou,Micromesistius poutassou,Micromesistius poutassou,NA,NA,G,
Molva dypterygia,Molva dypterygia,Molva dypterygia,NA,NA,G,
Molva macrophthalma,Molva macrophthalma,Molva macrophthalma,NA,NA,G,
Molva molva,Molva molva,Molva molva,NA,NA,G,
Mora moro,Mora moro,Mora moro,NA,NA,G,
Muraenolepis andriashevi,Muraenolepis andriashevi,Muraenolepis andriashevi,NA,NA,G,
Muraenolepis evseenkoi,Muraenolepis evseenkoi,Muraenolepis evseenkoi,NA,NA,G,
Muraenolepis kuderskii,NA,Muraenolepis kuderskii,NA,NA,G,
Muraenolepis marmorata,Muraenolepis marmorata,Muraenolepis marmorata,NA,NA,G,
Muraenolepis marmorata,Muraenolepis microps,Muraenolepis microps,NA,NA,G,
Muraenolepis orangiensis,Muraenolepis orangiensis,Muraenolepis orangiensis,NA,NA,G,
Muraenolepis pacifica,NA,Muraenolepis pacifica,NA,NA,G,
Muraenolepis trunovi,NA,Muraenolepis trunovi,NA,NA,G,
Coelorinchus posteromaculatus,NA,NA,NA,NA,G,
Coryphaenoides holotrachys,NA,NA,NA,NA,G,
Euclichthys microdorsalis,NA,NA,NA,NA,G,
Euclichthys robertsi,NA,NA,NA,NA,G,
Physiculus caboverdensis,NA,NA,NA,NA,G,
Physiculus cirm,NA,NA,NA,NA,G,
Nezumia aequalis,Nezumia aequalis,Nezumia aequalis,NA,NA,G,
Nezumia africana,Nezumia africana,Nezumia africana,NA,NA,G,
Nezumia aspidentata,Nezumia aspidentata,Nezumia aspidentata,NA,NA,G,
Nezumia atlantica,Nezumia atlantica,Nezumia atlantica,NA,NA,G,
Nezumia bairdii,Nezumia bairdii,Nezumia bairdii,NA,NA,G,
Nezumia brevibarbata,Nezumia brevibarbata,Nezumia brevibarbata,NA,NA,G,
Nezumia brevirostris,Nezumia brevirostris,Nezumia brevirostris,NA,NA,G,
Nezumia burragei,Nezumia burragei,Nezumia burragei,NA,NA,G,
Nezumia cliveri,Nezumia cliveri,Nezumia cliveri,NA,NA,G,
Nezumia coheni,Nezumia coheni,Nezumia coheni,NA,NA,G,
Nezumia condylura,Nezumia condylura,Nezumia condylura,NA,NA,G,
Nezumia convergens,Nezumia convergens,Nezumia convergens,NA,NA,G,
Nezumia cyrano,Nezumia cyrano,Nezumia cyrano,NA,NA,G,
Kuronezumia dara,Nezumia darus,Nezumia darus,NA,NA,G,
Nezumia duodecim,Nezumia duodecim,Nezumia duodecim,NA,NA,G,
Nezumia ectenes,Nezumia ectenes,Nezumia ectenes,NA,NA,G,
Nezumia evides,Nezumia evides,Nezumia evides,NA,NA,G,
Nezumia holocentra,Nezumia holocentra,Nezumia holocentra,NA,NA,G,
Nezumia infranudis,Nezumia infranudis,Nezumia infranudis,NA,NA,G,
Nezumia investigatoris,Nezumia investigatoris,Nezumia investigatoris,NA,NA,G,
Nezumia kamoharai,NA,Nezumia kamoharai,NA,NA,G,
Nezumia kapala,Nezumia kapala,Nezumia kapala,NA,NA,G,
Nezumia kensmithi,Nezumia kensmithi,Nezumia kensmithi,NA,NA,G,
Nezumia latirostrata,Nezumia latirostrata,Nezumia latirostrata,NA,NA,G,
Nezumia leucoura,Nezumia leucoura,Nezumia leucoura,NA,NA,G,
Nezumia liolepis,Nezumia liolepis,Nezumia liolepis,NA,NA,G,
Nezumia longebarbata,Nezumia longebarbata,Nezumia longebarbata,NA,NA,G,
Nezumia loricata,Nezumia loricata,Nezumia loricata,NA,NA,G,
Nezumia merretti,Nezumia merretti,Nezumia merretti,NA,NA,G,
Nezumia micronychodon,Nezumia micronychodon,Nezumia micronychodon,NA,NA,G,
Nezumia milleri,Nezumia milleri,Nezumia milleri,NA,NA,G,
Nezumia namatahi,Nezumia namatahi,Nezumia namatahi,NA,NA,G,
Nezumia obliquata,Nezumia obliquata,Nezumia obliquata,NA,NA,G,
Nezumia orbitalis,Nezumia orbitalis,Nezumia orbitalis,NA,NA,G,
Nezumia parini,Nezumia parini,Nezumia parini,NA,NA,G,
Nezumia polylepis,NA,Nezumia polylepis,NA,NA,G,
Nezumia propinqua,Nezumia propinqua,Nezumia propinqua,NA,NA,G,
Nezumia proxima,Nezumia proxima,Nezumia proxima,NA,NA,G,
Nezumia pudens,Nezumia pudens,Nezumia pudens,NA,NA,G,
Nezumia pulchella,Nezumia pulchella,Nezumia pulchella,NA,NA,G,
Nezumia sclerorhynchus,Nezumia sclerorhynchus,Nezumia sclerorhynchus,NA,NA,G,
Nezumia semiquincunciata,Nezumia semiquincunciata,Nezumia semiquincunciata,NA,NA,G,
Nezumia shinoharai,Nezumia shinoharai,Nezumia shinoharai,NA,NA,G,
Nezumia soela,Nezumia soela,Nezumia soela,NA,NA,G,
Nezumia spinosa,Nezumia spinosa,Nezumia spinosa,NA,NA,G,
Nezumia stelgidolepis,Nezumia stelgidolepis,Nezumia stelgidolepis,NA,NA,G,
Nezumia stelgidolepis,Nezumia suilla,Nezumia suilla,NA,NA,G,
Nezumia tinro,Nezumia tinro,Nezumia tinro,NA,NA,G,
Nezumia namatahi,Nezumia namatahi,Nezumia toi,NA,NA,G,
Nezumia tomiyamai,NA,Nezumia tomiyamai,NA,NA,G,
Nezumia umbracincta,Nezumia umbracincta,Nezumia umbracincta,NA,NA,G,
Nezumia ventralis,Nezumia ventralis,Nezumia ventralis,NA,NA,G,
Nezumia wularnia,Nezumia wularnia,Nezumia wularnia,NA,NA,G,
Notomuraenobathys microcephalus,Notomuraenobathys microcephalus,Notomuraenobathys microcephalus,NA,NA,G,
Notophycis fitchi,Notophycis fitchi,Notophycis fitchi,NA,NA,G,
Notophycis marginata,Notophycis marginata,Notophycis marginata,NA,NA,G,
Odontomacrurus murrayi,Odontomacrurus murrayi,Odontomacrurus murrayi,NA,NA,G,
Pseudonezumia flagellicauda,Paracetonurus flagellicauda,Paracetonurus flagellicauda,NA,NA,G,
Phycis blennoides,Phycis blennoides,Phycis blennoides,NA,NA,G,
Phycis chesteri,Phycis chesteri,Phycis chesteri,NA,NA,G,
Phycis phycis,Phycis phycis,Phycis phycis,NA,NA,G,
Physiculus andriashevi,Physiculus andriashevi,Physiculus andriashevi,NA,NA,G,
Physiculus argyropastus,Physiculus argyropastus,Physiculus argyropastus,NA,NA,G,
Physiculus beckeri,Physiculus beckeri,Physiculus beckeri,NA,NA,G,
Physiculus bertelseni,Physiculus bertelseni,Physiculus bertelseni,NA,NA,G,
Physiculus capensis,Physiculus capensis,Physiculus capensis,NA,NA,G,
Physiculus chigodarana,Physiculus chigodarana,Physiculus chigodarana,NA,NA,G,
Physiculus coheni,Physiculus coheni,Physiculus coheni,NA,NA,G,
Physiculus cyanostrophus,Physiculus cyanostrophus,Physiculus cyanostrophus,NA,NA,G,
Physiculus cynodon,Physiculus cynodon,Physiculus cynodon,NA,NA,G,
Physiculus dalwigki,Physiculus dalwigki,Physiculus dalwigki,NA,NA,G,
Physiculus fedorovi,Physiculus fedorovi,Physiculus fedorovi,NA,NA,G,
Physiculus fulvus,Physiculus fulvus,Physiculus fulvus,NA,NA,G,
Physiculus grinnelli,Physiculus grinnelli,Physiculus grinnelli,NA,NA,G,
Physiculus helenaensis,NA,Physiculus helenaensis,NA,NA,G,
Physiculus hexacytus,Physiculus hexacytus,Physiculus hexacytus,NA,NA,G,
Physiculus huloti,Physiculus huloti,Physiculus huloti,NA,NA,G,
Physiculus japonicus,Physiculus japonicus,Physiculus japonicus,NA,NA,G,
Physiculus karrerae,Physiculus karrerae,Physiculus karrerae,NA,NA,G,
Physiculus kaupi,Physiculus kaupi,Physiculus kaupi,NA,NA,G,
Physiculus longicavis,Physiculus longicavis,Physiculus longicavis,NA,NA,G,
Physiculus longifilis,Physiculus longifilis,Physiculus longifilis,NA,NA,G,
Physiculus luminosa,Physiculus luminosa,Physiculus luminosa,NA,NA,G,
Physiculus luminosa,Physiculus luminosus,Physiculus luminosa,NA,NA,G,
Physiculus marisrubri,NA,Physiculus marisrubri,NA,NA,G,
Physiculus maslowskii,NA,Physiculus maslowskii,NA,NA,G,
Physiculus microbarbata,Physiculus microbarbata,Physiculus microbarbata,NA,NA,G,
Physiculus natalensis,Physiculus natalensis,Physiculus natalensis,NA,NA,G,
Physiculus nematopus,Physiculus nematopus,Physiculus nematopus,NA,NA,G,
Physiculus nielseni,NA,Physiculus nielseni,NA,NA,G,
Physiculus nigrescens,Physiculus nigrescens,Physiculus nigrescens,NA,NA,G,
Physiculus nigripinnis,Physiculus nigripinnis,Physiculus nigripinnis,NA,NA,G,
Physiculus normani,NA,Physiculus normani,NA,NA,G,
Physiculus parini,Physiculus parini,Physiculus parini,NA,NA,G,
Physiculus peregrinus,Physiculus peregrinus,Physiculus peregrinus,NA,NA,G,
Physiculus rastrelliger,Physiculus rastrelliger,Physiculus rastrelliger,NA,NA,G,
Physiculus rhodopinnis,Physiculus rhodopinnis,Physiculus rhodopinnis,NA,NA,G,
Physiculus roseus,Physiculus roseus,Physiculus roseus,NA,NA,G,
Physiculus sazonovi,Physiculus sazonovi,Physiculus sazonovi,NA,NA,G,
Physiculus sterops,Physiculus sterops,Physiculus sterops,NA,NA,G,
Physiculus dalwigki,Physiculus sudanensis,Physiculus sudanensis,NA,NA,G,
Physiculus talarae,Physiculus talarae,Physiculus talarae,NA,NA,G,
Physiculus therosideros,Physiculus therosideros,Physiculus therosideros,NA,NA,G,
Physiculus yoshidae,Physiculus yoshidae,Physiculus yoshidae,NA,NA,G,
Pollachius pollachius,Pollachius pollachius,Pollachius pollachius,NA,NA,G,
Pollachius virens,Pollachius virens,Pollachius virens,NA,NA,G,
Pseudocetonurus septifer,Pseudocetonurus septifer,Pseudocetonurus septifer,NA,NA,G,
Pseudonezumia cetonuropsis,Pseudonezumia cetonuropsis,Pseudonezumia cetonuropsis,NA,NA,G,
Pseudonezumia japonicus,Pseudonezumia japonicus,Pseudonezumia japonicus,NA,NA,G,
Pseudonezumia parvipes,Pseudonezumia parvipes,Pseudonezumia parvipes,NA,NA,G,
Pseudonezumia pusilla,Pseudonezumia pusilla,Pseudonezumia pusilla,NA,NA,G,
Pseudophycis bachus,Pseudophycis bachus,Pseudophycis bachus,NA,NA,G,
Pseudophycis barbata,Pseudophycis barbata,Pseudophycis barbata,NA,NA,G,
Pseudophycis breviuscula,Pseudophycis breviuscula,Pseudophycis breviuscula,NA,NA,G,
Raniceps raninus,Raniceps raninus,Raniceps raninus,NA,NA,G,
Rhynchogadus hepaticus,Rhynchogadus hepaticus,Rhynchogadus hepaticus,NA,NA,G,
Salilota australis,Salilota australis,Salilota australis,NA,NA,G,
Sphagemacrurus decimalis,Sphagemacrurus decimalis,Sphagemacrurus decimalis,NA,NA,G,
Sphagemacrurus gibber,Sphagemacrurus gibber,Sphagemacrurus gibber,NA,NA,G,
Sphagemacrurus grenadae,Sphagemacrurus grenadae,Sphagemacrurus grenadae,NA,NA,G,
Sphagemacrurus hirundo,Sphagemacrurus hirundo,Sphagemacrurus hirundo,NA,NA,G,
Sphagemacrurus pumiliceps,Sphagemacrurus pumiliceps,Sphagemacrurus pumiliceps,NA,NA,G,
Sphagemacrurus richardi,Sphagemacrurus richardi,Sphagemacrurus richardi,NA,NA,G,
Spicomacrurus adelscotti,Spicomacrurus adelscotti,Spicomacrurus adelscotti,NA,NA,G,
Spicomacrurus dictyogadus,NA,Spicomacrurus dictyogadus,NA,NA,G,
Spicomacrurus kuronumai,Spicomacrurus kuronumai,Spicomacrurus kuronumai,NA,NA,G,
Spicomacrurus mccoskeri,NA,Spicomacrurus mccoskeri,NA,NA,G,
Squalogadus modificatus,Squalogadus modificatus,Squalogadus modificatus,NA,NA,G,
Steindachneria argentea,Steindachneria argentea,Steindachneria argentea,NA,NA,G,
Svetovidovia lucullus,NA,Svetovidovia lucullus,NA,NA,G,
Gadus chalcogrammus,Gadus chalcogrammus,Theragra finnmarchica,NA,NA,G,
Trachonurus gagates,Trachonurus gagates,Trachonurus gagates,NA,NA,G,
Trachonurus robinsi,Trachonurus robinsi,Trachonurus robinsi,NA,NA,G,
Trachonurus sentipellis,Trachonurus sentipellis,Trachonurus sentipellis,NA,NA,G,
Trachonurus sulcatus,Trachonurus sulcatus,Trachonurus sulcatus,NA,NA,G,
Trachonurus villosus,Trachonurus villosus,Trachonurus villosus,NA,NA,G,
Trachonurus yiwardaus,Trachonurus yiwardaus,Trachonurus yiwardaus,NA,NA,G,
Trachyrincus aphyodes,Trachyrincus aphyodes,Trachyrincus aphyodes,NA,NA,G,
Trachyrincus helolepis,Trachyrincus helolepis,Trachyrincus helolepis,NA,NA,G,
Trachyrincus longirostris,Trachyrincus longirostris,Trachyrincus longirostris,NA,NA,G,
Trachyrincus murrayi,Trachyrincus murrayi,Trachyrincus murrayi,NA,NA,G,
Trachyrincus scabrus,Trachyrincus scabrus,Trachyrincus scabrus,NA,NA,G,
Trachyrincus villegai,Trachyrincus villegai,Trachyrincus villegai,NA,NA,G,
Tripterophycis gilchristi,Tripterophycis gilchristi,Tripterophycis gilchristi,NA,NA,G,
Tripterophycis svetovidovi,Tripterophycis svetovidovi,Tripterophycis svetovidovi,NA,NA,G,
Trisopterus capelanus,Trisopterus capelanus,Trisopterus capelanus,NA,NA,G,
Trisopterus esmarkii,Trisopterus esmarkii,Trisopterus esmarkii,NA,NA,G,
Trisopterus luscus,Trisopterus luscus,Trisopterus luscus,NA,NA,G,
Trisopterus minutus,Trisopterus minutus,Trisopterus minutus,NA,NA,G,
Urophycis brasiliensis,Urophycis brasiliensis,Urophycis brasiliensis,NA,NA,G,
Urophycis chuss,Urophycis chuss,Urophycis chuss,NA,NA,G,
Urophycis cirrata,Urophycis cirrata,Urophycis cirrata,NA,NA,G,
Urophycis earllii,Urophycis earllii,Urophycis earllii,NA,NA,G,
Urophycis floridana,Urophycis floridana,Urophycis floridana,NA,NA,G,
Urophycis mystacea,Urophycis mystacea,Urophycis mystacea,NA,NA,G,
Urophycis regia,Urophycis regia,Urophycis regia,NA,NA,G,
Urophycis tenuis,Urophycis tenuis,Urophycis tenuis,NA,NA,G,
Ventrifossa atherodon,Ventrifossa atherodon,Ventrifossa atherodon,NA,NA,G,
Ventrifossa ctenomelas,Ventrifossa ctenomelas,Ventrifossa ctenomelas,NA,NA,G,
Ventrifossa divergens,Ventrifossa divergens,Ventrifossa divergens,NA,NA,G,
Ventrifossa misakia,Ventrifossa fusca,Ventrifossa fusca,NA,NA,G,
Ventrifossa garmani,Ventrifossa garmani,Ventrifossa garmani,NA,NA,G,
Ventrifossa gomoni,Ventrifossa gomoni,Ventrifossa gomoni,NA,NA,G,
Ventrifossa johnboborum,Ventrifossa johnboborum,Ventrifossa johnboborum,NA,NA,G,
Ventrifossa longibarbata,Ventrifossa longibarbata,Ventrifossa longibarbata,NA,NA,G,
Ventrifossa macrodon,Ventrifossa macrodon,Ventrifossa macrodon,NA,NA,G,
Ventrifossa macropogon,Ventrifossa macropogon,Ventrifossa macropogon,NA,NA,G,
Ventrifossa macroptera,Ventrifossa macroptera,Ventrifossa macroptera,NA,NA,G,
Ventrifossa misakia,Ventrifossa misakia,Ventrifossa misakia,NA,NA,G,
Ventrifossa mucocephalus,Ventrifossa mucocephalus,Ventrifossa mucocephalus,NA,NA,G,
Ventrifossa mystax,Ventrifossa mystax,Ventrifossa mystax,NA,NA,G,
Ventrifossa nasuta,Ventrifossa nasuta,Ventrifossa nasuta,NA,NA,G,
Ventrifossa nigrodorsalis,Ventrifossa nigrodorsalis,Ventrifossa nigrodorsalis,NA,NA,G,
Ventrifossa obtusirostris,Ventrifossa obtusirostris,Ventrifossa obtusirostris,NA,NA,G,
Ventrifossa paxtoni,Ventrifossa paxtoni,Ventrifossa paxtoni,NA,NA,G,
Ventrifossa petersonii,Ventrifossa petersonii,Ventrifossa petersonii,NA,NA,G,
Ventrifossa rhipidodorsalis,Ventrifossa rhipidodorsalis,Ventrifossa rhipidodorsalis,NA,NA,G,
Ventrifossa saikaiensis,Ventrifossa saikaiensis,Ventrifossa saikaiensis,NA,NA,G,
Ventrifossa sazonovi,Ventrifossa sazonovi,Ventrifossa sazonovi,NA,NA,G,
Ventrifossa teres,Ventrifossa teres,Ventrifossa teres,NA,NA,G,
Ventrifossa vinolenta,Ventrifossa vinolenta,Ventrifossa vinolenta,NA,NA,G,
Ablennes hians,Ablennes hians,Ablennes hians,NA,NA,B,
Adrianichthys kruyti,NA,Adrianichthys kruyti,NA,NA,B,
Adrianichthys oophorus,NA,Adrianichthys oophorus,NA,NA,B,
Adrianichthys poptae,NA,Adrianichthys poptae,NA,NA,B,
Adrianichthys roseni,NA,Adrianichthys roseni,NA,NA,B,
Arrhamphus sclerolepis,Arrhamphus sclerolepis,Arrhamphus krefftii,NA,NA,B,
Arrhamphus sclerolepis,Arrhamphus sclerolepis,Arrhamphus sclerolepis,NA,NA,B,
Belone belone,Belone belone,Belone belone,NA,NA,B,
Belone acus,NA,Belone belone,NA,NA,B,
Belone belone,NA,Belone euxini,NA,NA,B,
Belone svetovidovi,Belone svetovidovi,Belone svetovidovi,NA,NA,B,
Belonion apodion,NA,Belonion apodion,NA,NA,B,
Belonion dibranchodon,NA,Belonion dibranchodon,NA,NA,B,
Cheilopogon abei,Cheilopogon abei,Cheilopogon abei,NA,NA,B,
Cheilopogon agoo,Cheilopogon agoo,Cheilopogon agoo,NA,NA,B,
Cheilopogon altipennis,NA,Cheilopogon altipennis,NA,NA,B,
Cheilopogon arcticeps,Cheilopogon arcticeps,Cheilopogon arcticeps,NA,NA,B,
Cheilopogon atrisignis,Cheilopogon atrisignis,Cheilopogon atrisignis,NA,NA,B,
Cheilopogon cyanopterus,Cypselurus bahiensis,Cheilopogon cyanopterus,NA,NA,B,
Cheilopogon cyanopterus,Cheilopogon cyanopterus,Cheilopogon cyanopterus,NA,NA,B,
Cheilopogon doederleinii,Cheilopogon doederleinii,Cheilopogon doederleinii,NA,NA,B,
Cheilopogon dorsomacula,Cheilopogon dorsomacula,Cheilopogon dorsomacula,NA,NA,B,
Cheilopogon exsiliens,Cheilopogon exsiliens,Cheilopogon exsiliens,NA,NA,B,
Cheilopogon unicolor,Cheilopogon antoncichi,Cheilopogon furcatus,NA,NA,B,
Cheilopogon furcatus,Cheilopogon furcatus,Cheilopogon furcatus,NA,NA,B,
Cheilopogon heterurus,Cheilopogon heterurus,Cheilopogon heterurus,NA,NA,B,
Cheilopogon hubbsi,Cheilopogon hubbsi,Cheilopogon hubbsi,NA,NA,B,
Cheilopogon intermedius,Cheilopogon intermedius,Cheilopogon intermedius,NA,NA,B,
Cheilopogon katoptron,Cheilopogon katoptron,Cheilopogon katoptron,NA,NA,B,
Cheilopogon melanurus,Cheilopogon melanurus,Cheilopogon melanurus,NA,NA,B,
Cheilopogon milleri,Cheilopogon milleri,Cheilopogon milleri,NA,NA,B,
Cheilopogon nigricans,Cheilopogon nigricans,Cheilopogon nigricans,NA,NA,B,
Cheilopogon olgae,Cheilopogon olgae,Cheilopogon olgae,NA,NA,B,
Cheilopogon papilio,Cheilopogon papilio,Cheilopogon papilio,NA,NA,B,
Cheilopogon pinnatibarbatus,Cheilopogon pinnatibarbatus,Cheilopogon pinnatibarbatus,NA,NA,B,
Cheilopogon pitcairnensis,NA,Cheilopogon pitcairnensis,NA,NA,B,
Cheilopogon rapanouiensis,NA,Cheilopogon rapanouiensis,NA,NA,B,
Cheilopogon spilonotopterus,Cheilopogon spilonotopterus,Cheilopogon spilonotopterus,NA,NA,B,
Cheilopogon spilopterus,Cheilopogon spilopterus,Cheilopogon spilopterus,NA,NA,B,
Cheilopogon suttoni,Cheilopogon suttoni,Cheilopogon suttoni,NA,NA,B,
Cheilopogon unicolor,Cheilopogon unicolor,Cheilopogon unicolor,NA,NA,B,
Cheilopogon ventralis,NA,Cheilopogon ventralis,NA,NA,B,
Cheilopogon xenopterus,Cheilopogon xenopterus,Cheilopogon xenopterus,NA,NA,B,
Chriodorus atherinoides,Chriodorus atherinoides,Chriodorus atherinoides,NA,NA,B,
Cololabis adocetus,Cololabis adocetus,Cololabis adocetus,NA,NA,B,
Cololabis saira,Cololabis saira,Cololabis saira,NA,NA,B,
Cypselurus angusticeps,Cypselurus angusticeps,Cypselurus angusticeps,NA,NA,B,
Cypselurus callopterus,Cypselurus callopterus,Cypselurus callopterus,NA,NA,B,
Cypselurus comatus,Cypselurus comatus,Cypselurus comatus,NA,NA,B,
Cypselurus hexazona,Cypselurus hexazona,Cypselurus hexazona,NA,NA,B,
Cypselurus hiraii,Cypselurus hiraii,Cypselurus hiraii,NA,NA,B,
Cheilopogon unicolor,NA,Cypselurus longibarbus,NA,NA,B,
Cypselurus naresii,Cypselurus naresii,Cypselurus naresii,NA,NA,B,
Cypselurus oligolepis,Cypselurus oligolepis,Cypselurus oligolepis,NA,NA,B,
Cypselurus opisthopus,Cypselurus opisthopus,Cypselurus opisthopus,NA,NA,B,
Cypselurus poecilopterus,Cypselurus poecilopterus,Cypselurus poecilopterus,NA,NA,B,
Cypselurus simus,Cypselurus simus,Cypselurus simus,NA,NA,B,
Cypselurus starksi,Cypselurus starksi,Cypselurus starksi,NA,NA,B,
Dermogenys bispina,NA,Dermogenys bispina,NA,NA,B,
Dermogenys brachynotopterus,Dermogenys brachynotopterus,Dermogenys brachynotopterus,NA,NA,B,
Dermogenys bruneiensis,Dermogenys bruneiensis,Dermogenys bruneiensis,NA,NA,B,
Dermogenys burmanica,NA,Dermogenys burmanica,NA,NA,B,
Dermogenys collettei,NA,Dermogenys collettei,NA,NA,B,
Dermogenys orientalis,NA,Dermogenys montana,NA,NA,B,
Dermogenys orientalis,Dermogenys orientalis,Dermogenys orientalis,NA,NA,B,
Dermogenys palawanensis,NA,Dermogenys palawanensis,NA,NA,B,
Dermogenys pusilla,Dermogenys pusilla,Dermogenys pusilla,NA,NA,B,
Dermogenys robertsi,NA,Dermogenys robertsi,NA,NA,B,
Dermogenys siamensis,Dermogenys siamensis,Dermogenys siamensis,NA,NA,B,
Dermogenys sumatrana,Dermogenys sumatrana,Dermogenys sumatrana,NA,NA,B,
Dermogenys vogti,NA,Dermogenys vogti,NA,NA,B,
Euleptorhamphus velox,Euleptorhamphus velox,Euleptorhamphus velox,NA,NA,B,
Euleptorhamphus viridis,Euleptorhamphus viridis,Euleptorhamphus viridis,NA,NA,B,
Exocoetus gibbosus,Exocoetus gibbosus,Exocoetus gibbosus,NA,NA,B,
Exocoetus monocirrhus,Exocoetus monocirrhus,Exocoetus monocirrhus,NA,NA,B,
Exocoetus obtusirostris,Exocoetus obtusirostris,Exocoetus obtusirostris,NA,NA,B,
Exocoetus peruvianus,Exocoetus peruvianus,Exocoetus peruvianus,NA,NA,B,
Exocoetus volitans,Exocoetus volitans,Exocoetus volitans,NA,NA,B,
Fodiator acutus,Fodiator acutus,Fodiator acutus,NA,NA,B,
Fodiator rostratus,Fodiator rostratus,Fodiator rostratus,NA,NA,B,
Hemiramphus archipelagicus,Hemiramphus archipelagicus,Hemiramphus archipelagicus,NA,NA,B,
Hemiramphus balao,Hemiramphus balao,Hemiramphus balao,NA,NA,B,
Hemiramphus bermudensis,Hemiramphus bermudensis,Hemiramphus bermudensis,NA,NA,B,
Hemiramphus brasiliensis,Hemiramphus brasiliensis,Hemiramphus brasiliensis,NA,NA,B,
Hemiramphus convexus,Hemiramphus convexus,Hemiramphus convexus,NA,NA,B,
Hemiramphus depauperatus,Hemiramphus depauperatus,Hemiramphus depauperatus,NA,NA,B,
Hemiramphus far,Hemiramphus far,Hemiramphus far,NA,NA,B,
Hemiramphus lutkei,Hemiramphus lutkei,Hemiramphus lutkei,NA,NA,B,
Hemiramphus marginatus,Hemiramphus marginatus,Hemiramphus marginatus,NA,NA,B,
Hemiramphus robustus,Hemiramphus robustus,Hemiramphus robustus,NA,NA,B,
Hemiramphus saltator,Hemiramphus saltator,Hemiramphus saltator,NA,NA,B,
Hemirhamphodon byssus,NA,Hemirhamphodon byssus,NA,NA,B,
Hemirhamphodon chrysopunctatus,NA,Hemirhamphodon chrysopunctatus,NA,NA,B,
Hemirhamphodon kapuasensis,Hemirhamphodon kapuasensis,Hemirhamphodon kapuasensis,NA,NA,B,
Hemirhamphodon kecil,NA,Hemirhamphodon kecil,NA,NA,B,
Hemirhamphodon kuekenthali,Hemirhamphodon kuekenthali,Hemirhamphodon kuekenthali,NA,NA,B,
Hemirhamphodon phaiosoma,NA,Hemirhamphodon phaiosoma,NA,NA,B,
Hemirhamphodon pogonognathus,Hemirhamphodon pogonognathus,Hemirhamphodon pogonognathus,NA,NA,B,
Hemirhamphodon sesamum,NA,Hemirhamphodon sesamum,NA,NA,B,
Hemirhamphodon tengah,NA,Hemirhamphodon tengah,NA,NA,B,
Hirundichthys affinis,Hirundichthys affinis,Hirundichthys affinis,NA,NA,B,
Hirundichthys albimaculatus,Hirundichthys albimaculatus,Hirundichthys albimaculatus,NA,NA,B,
Hirundichthys coromandelensis,Hirundichthys coromandelensis,Hirundichthys coromandelensis,NA,NA,B,
Hirundichthys gilberti,NA,Hirundichthys rondeletii,NA,NA,B,
Hirundichthys albimaculatus,NA,Hirundichthys ilma,NA,NA,B,
Hirundichthys indicus,NA,Hirundichthys indicus,NA,NA,B,
Hirundichthys marginatus,Hirundichthys marginatus,Hirundichthys marginatus,NA,NA,B,
Hirundichthys oxycephalus,Hirundichthys oxycephalus,Hirundichthys oxycephalus,NA,NA,B,
Hirundichthys rondeletii,Hirundichthys rondeletii,Hirundichthys rondeletii,NA,NA,B,
Hirundichthys rufipinnis,Hirundichthys rufipinnis,Hirundichthys rufipinnis,NA,NA,B,
Hirundichthys socotranus,NA,Hirundichthys socotranus,NA,NA,B,
Hirundichthys speculiger,Hirundichthys speculiger,Hirundichthys speculiger,NA,NA,B,
Hirundichthys volador,NA,Hirundichthys volador,NA,NA,B,
Hyporhamphus acutus,Hyporhamphus acutus,Hyporhamphus acutus,NA,NA,B,
Hyporhamphus affinis,Hyporhamphus affinis,Hyporhamphus affinis,NA,NA,B,
Hyporhamphus australis,Hyporhamphus australis,Hyporhamphus australis,NA,NA,B,
Hyporhamphus balinensis,Hyporhamphus balinensis,Hyporhamphus balinensis,NA,NA,B,
Hyporhamphus brederi,NA,Hyporhamphus brederi,NA,NA,B,
Hyporhamphus capensis,Hyporhamphus capensis,Hyporhamphus capensis,NA,NA,B,
Hyporhamphus collettei,NA,Hyporhamphus collettei,NA,NA,B,
Hyporhamphus dussumieri,Hyporhamphus dussumieri,Hyporhamphus dussumieri,NA,NA,B,
Hyporhamphus erythrorinchus,Hyporhamphus erythrorinchus,Hyporhamphus erythrorinchus,NA,NA,B,
Hyporhamphus gamberur,Hyporhamphus gamberur,Hyporhamphus gamberur,NA,NA,B,
Hyporhamphus gernaerti,Hyporhamphus gernaerti,Hyporhamphus gernaerti,NA,NA,B,
Hyporhamphus gilli,Hyporhamphus gilli,Hyporhamphus gilli,NA,NA,B,
Hyporhamphus ihi,Hyporhamphus ihi,Hyporhamphus ihi,NA,NA,B,
Hyporhamphus improvisus,Hyporhamphus improvisus,Hyporhamphus improvisus,NA,NA,B,
Hyporhamphus intermedius,Hyporhamphus intermedius,Hyporhamphus intermedius,NA,NA,B,
Hyporhamphus limbatus,Hyporhamphus limbatus,Hyporhamphus limbatus,NA,NA,B,
Hyporhamphus meeki,Hyporhamphus meeki,Hyporhamphus meeki,NA,NA,B,
Hyporhamphus melanochir,Hyporhamphus melanochir,Hyporhamphus melanochir,NA,NA,B,
Hyporhamphus melanopterus,Hyporhamphus melanopterus,Hyporhamphus melanopterus,NA,NA,B,
Hyporhamphus mexicanus,NA,Hyporhamphus mexicanus,NA,NA,B,
Hyporhamphus naos,Hyporhamphus naos,Hyporhamphus naos,NA,NA,B,
Hyporhamphus neglectissimus,Hyporhamphus neglectissimus,Hyporhamphus neglectissimus,NA,NA,B,
Hyporhamphus neglectus,Hyporhamphus neglectus,Hyporhamphus neglectus,NA,NA,B,
Hyporhamphus pacificus,NA,Hyporhamphus pacificus,NA,NA,B,
Hyporhamphus paucirastris,NA,Hyporhamphus paucirastris,NA,NA,B,
Hyporhamphus picarti,Hyporhamphus picarti,Hyporhamphus picarti,NA,NA,B,
Hyporhamphus quoyi,Hyporhamphus quoyi,Hyporhamphus quoyi,NA,NA,B,
Hyporhamphus regularis,Hyporhamphus regularis,Hyporhamphus regularis,NA,NA,B,
Hyporhamphus roberti,Hyporhamphus roberti,Hyporhamphus roberti,NA,NA,B,
Hyporhamphus rosae,Hyporhamphus rosae,Hyporhamphus rosae,NA,NA,B,
Hyporhamphus sajori,Hyporhamphus sajori,Hyporhamphus sajori,NA,NA,B,
Hyporhamphus sindensis,Hyporhamphus sindensis,Hyporhamphus sindensis,NA,NA,B,
Hyporhamphus snyderi,Hyporhamphus snyderi,Hyporhamphus snyderi,NA,NA,B,
Hyporhamphus taiwanensis,NA,Hyporhamphus taiwanensis,NA,NA,B,
Hyporhamphus unicuspis,Hyporhamphus unicuspis,Hyporhamphus unicuspis,NA,NA,B,
Hyporhamphus unifasciatus,Hyporhamphus unifasciatus,Hyporhamphus unifasciatus,NA,NA,B,
Hyporhamphus xanthopterus,Hyporhamphus xanthopterus,Hyporhamphus xanthopterus,NA,NA,B,
Hyporhamphus yuri,NA,Hyporhamphus yuri,NA,NA,B,
Melapedalion breve,Melapedalion breve,Melapedalion breve,NA,NA,B,
Cheilopogon fisunovi,NA,NA,NA,NA,B,
Cheilopogon formosus,NA,NA,NA,NA,B,
Cheilopogon marisrubri,NA,NA,NA,NA,B,
Cypselurus bosha,NA,NA,NA,NA,B,
Cypselurus olpar,NA,NA,NA,NA,B,
Nomorhamphus bakeri,NA,Nomorhamphus bakeri,NA,NA,B,
Nomorhamphus brembachi,NA,Nomorhamphus brembachi,NA,NA,B,
Nomorhamphus celebensis,NA,Nomorhamphus celebensis,NA,NA,B,
Nomorhamphus ebrardtii,Nomorhamphus ebrardtii,Nomorhamphus ebrardtii,NA,NA,B,
Nomorhamphus hageni,NA,Nomorhamphus hageni,NA,NA,B,
Nomorhamphus kolonodalensis,NA,Nomorhamphus kolonodalensis,NA,NA,B,
Nomorhamphus lanceolatus,NA,Nomorhamphus lanceolatus,NA,NA,B,
Nomorhamphus liemi,NA,Nomorhamphus liemi,NA,NA,B,
Nomorhamphus manifesta,NA,Nomorhamphus manifesta,NA,NA,B,
Nomorhamphus megarrhamphus,NA,Nomorhamphus megarrhamphus,NA,NA,B,
Nomorhamphus pectoralis,NA,Nomorhamphus pectoralis,NA,NA,B,
Nomorhamphus philippinus,NA,Nomorhamphus philippinus,NA,NA,B,
Nomorhamphus pinnimaculatus,NA,Nomorhamphus pinnimaculata,NA,NA,B,
Nomorhamphus brembachi,NA,Nomorhamphus ravnaki,NA,NA,B,
Nomorhamphus rex,NA,Nomorhamphus rex,NA,NA,B,
Nomorhamphus rossi,NA,Nomorhamphus rossi,NA,NA,B,
Nomorhamphus sagittarius,NA,Nomorhamphus sagittarius,NA,NA,B,
Nomorhamphus brembachi,NA,Nomorhamphus sanussii,NA,NA,B,
Nomorhamphus towoetii,NA,Nomorhamphus towoetii,NA,NA,B,
Nomorhamphus versicolor,NA,NA,NA,NA,B,
Nomorhamphus viviparus,NA,Nomorhamphus vivipara,NA,NA,B,
Nomorhamphus weberi,NA,Nomorhamphus weberi,NA,NA,B,
Oryzias asinua,NA,Oryzias asinua,NA,NA,B,
Oryzias bonneorum,NA,Oryzias bonneorum,NA,NA,B,
Oryzias carnaticus,Oryzias carnaticus,Oryzias carnaticus,NA,NA,B,
Oryzias celebensis,NA,Oryzias celebensis,NA,NA,B,
Oryzias curvinotus,Oryzias curvinotus,Oryzias curvinotus,NA,NA,B,
Oryzias dancena,Oryzias dancena,Oryzias dancena,NA,NA,B,
Oryzias dopingdopingensis,NA,NA,NA,NA,B,
Oryzias eversi,NA,Oryzias eversi,NA,NA,B,
Oryzias hadiatyae,Oryzias hadiatyae,Oryzias hadiatyae,NA,NA,B,
Oryzias haugiangensis,NA,Oryzias haugiangensis,NA,NA,B,
Oryzias hubbsi,NA,Oryzias hubbsi,NA,NA,B,
Oryzias javanicus,Oryzias javanicus,Oryzias javanicus,NA,NA,B,
Oryzias latipes,Oryzias latipes,Oryzias latipes,NA,NA,B,
Oryzias luzonensis,NA,Oryzias luzonensis,NA,NA,B,
Oryzias marmoratus,NA,Oryzias marmoratus,NA,NA,B,
Oryzias matanensis,NA,Oryzias matanensis,NA,NA,B,
Oryzias mekongensis,Oryzias mekongensis,Oryzias mekongensis,NA,NA,B,
Oryzias dancena,Oryzias melastigma,Oryzias melastigma,NA,NA,B,
Oryzias minutillus,Oryzias minutillus,Oryzias minutillus,NA,NA,B,
Oryzias nebulosus,NA,Oryzias nebulosus,NA,NA,B,
Oryzias nigrimas,NA,Oryzias nigrimas,NA,NA,B,
Oryzias orthognathus,NA,Oryzias orthognathus,NA,NA,B,
Oryzias pectoralis,NA,Oryzias pectoralis,NA,NA,B,
Oryzias profundicola,NA,Oryzias profundicola,NA,NA,B,
Oryzias sakaizumii,NA,Oryzias sakaizumii,NA,NA,B,
Oryzias sarasinorum,NA,Oryzias sarasinorum,NA,NA,B,
Oryzias setnai,Oryzias setnai,Oryzias setnai,NA,NA,B,
Oryzias sinensis,NA,Oryzias sinensis,NA,NA,B,
Oryzias soerotoi,NA,Oryzias soerotoi,NA,NA,B,
Oryzias songkhramensis,NA,Oryzias songkhramensis,NA,NA,B,
Oryzias timorensis,Oryzias timorensis,Oryzias timorensis,NA,NA,B,
Oryzias uwai,NA,Oryzias uwai,NA,NA,B,
Oryzias wolasi,NA,Oryzias wolasi,NA,NA,B,
Oryzias woworae,NA,Oryzias woworae,NA,NA,B,
Oxyporhamphus micropterus,Oxyporhamphus micropterus,Oxyporhamphus micropterus,NA,NA,B,
Oxyporhamphus similis,Oxyporhamphus similis,Oxyporhamphus similis,NA,NA,B,
Parexocoetus brachypterus,Parexocoetus brachypterus,Parexocoetus brachypterus,NA,NA,B,
Parexocoetus hillianus,Parexocoetus hillianus,Parexocoetus hillianus,NA,NA,B,
Exocoetus mesogaster,Parexocoetus mento,Parexocoetus mento,NA,NA,B,
Parexocoetus mento,Parexocoetus mento,Parexocoetus mento,NA,NA,B,
Strongylura senegalensis,Petalichthys capensis,Petalichthys capensis,NA,NA,B,
Platybelone argalus,Platybelone argalus,Platybelone argalus,NA,NA,B,
Platybelone lovii,NA,Platybelone lovii,NA,NA,B,
Playbelone argalus,Belone ardeola,Playbelone argalus,NA,NA,B,
Potamorrhaphis eigenmanni,NA,Potamorrhaphis eigenmanni,NA,NA,B,
Potamorrhaphis guianensis,Potamorrhaphis guianensis,Potamorrhaphis guianensis,NA,NA,B,
Potamorrhaphis labiatus,NA,Potamorrhaphis labiatus,NA,NA,B,
Potamorrhaphis petersi,NA,Potamorrhaphis petersi,NA,NA,B,
Prognichthys brevipinnis,Prognichthys brevipinnis,Prognichthys brevipinnis,NA,NA,B,
Prognichthys gibbifrons,Prognichthys gibbifrons,Prognichthys gibbifrons,NA,NA,B,
Prognichthys glaphyrae,Prognichthys glaphyrae,Prognichthys glaphyrae,NA,NA,B,
Prognichthys occidentalis,Prognichthys occidentalis,Prognichthys occidentalis,NA,NA,B,
Prognichthys sealei,Prognichthys sealei,Prognichthys sealei,NA,NA,B,
Prognichthys tringa,Prognichthys tringa,Prognichthys tringa,NA,NA,B,
Pseudotylosurus angusticeps,Pseudotylosurus angusticeps,Pseudotylosurus angusticeps,NA,NA,B,
Pseudotylosurus microps,Pseudotylosurus microps,Pseudotylosurus microps,NA,NA,B,
Rhynchorhamphus arabicus,NA,Rhynchorhamphus arabicus,NA,NA,B,
Rhynchorhamphus georgii,Rhynchorhamphus georgii,Rhynchorhamphus georgii,NA,NA,B,
Rhynchorhamphus malabaricus,Rhynchorhamphus malabaricus,Rhynchorhamphus malabaricus,NA,NA,B,
Rhynchorhamphus naga,Rhynchorhamphus naga,Rhynchorhamphus naga,NA,NA,B,
Scomberesox saurus,Scomberesox saurus,Scomberesox saurus,NA,NA,B,
Scomberesox scombroides,Scomberesox saurus,Scomberesox scombroides,NA,NA,B,
Scomberesox simulans,Scomberesox simulans,Scomberesox simulans,NA,NA,B,
Strongylura anastomella,Strongylura anastomella,Strongylura anastomella,NA,NA,B,
Strongylura exilis,Strongylura exilis,Strongylura exilis,NA,NA,B,
Strongylura fluviatilis,Strongylura fluviatilis,Strongylura fluviatilis,NA,NA,B,
Strongylura hubbsi,NA,Strongylura hubbsi,NA,NA,B,
Strongylura incisa,Strongylura incisa,Strongylura incisa,NA,NA,B,
Strongylura krefftii,Strongylura krefftii,Strongylura krefftii,NA,NA,B,
Strongylura leiura,Strongylura leiura,Strongylura leiura,NA,NA,B,
Strongylura marina,Strongylura marina,Strongylura marina,NA,NA,B,
Strongylura notata,Strongylura notata,Strongylura notata,NA,NA,B,
Strongylura scapularis,Strongylura scapularis,Strongylura scapularis,NA,NA,B,
Strongylura senegalensis,Strongylura senegalensis,Strongylura senegalensis,NA,NA,B,
Strongylura strongylura,Strongylura strongylura,Strongylura strongylura,NA,NA,B,
Strongylura timucu,Strongylura timucu,Strongylura timucu,NA,NA,B,
Strongylura urvillii,Strongylura urvillii,Strongylura urvillii,NA,NA,B,
Tondanichthys kottelati,Tondanichthys kottelati,Tondanichthys kottelati,NA,NA,B,
Tylosurus rafale,NA,Tylosurus acus,NA,NA,B,
Tylosurus acus,Tylosurus acus,Tylosurus acus,NA,NA,B,
Tylosurus imperialis,Tylosurus imperialis,Tylosurus acus,NA,NA,B,
Tylosurus melanotus,Tylosurus melanotus,Tylosurus acus,NA,NA,B,
Tylosurus choram,Tylosurus choram,Tylosurus choram,NA,NA,B,
Tylosurus crocodilus,Tylosurus crocodilus,Tylosurus crocodilus,NA,NA,B,
Tylosurus fodiator,Tylosurus fodiator,Tylosurus fodiator,NA,NA,B,
Tylosurus gavialoides,Tylosurus gavialoides,Tylosurus gavialoides,NA,NA,B,
Tylosurus pacificus,Tylosurus pacificus,Tylosurus pacificus,NA,NA,B,
Tylosurus punctulatus,Tylosurus punctulatus,Tylosurus punctulatus,NA,NA,B,
Xenentodon cancila,Xenentodon cancila,Xenentodon cancila,NA,NA,B,
Xenentodon canciloides,Xenentodon canciloides,Xenentodon canciloides,NA,NA,B,
Zenarchopterus alleni,NA,Zenarchopterus alleni,NA,NA,B,
Zenarchopterus buffonis,Zenarchopterus buffonis,Zenarchopterus buffonis,NA,NA,B,
Zenarchopterus caudovittatus,Zenarchopterus caudovittatus,Zenarchopterus caudovittatus,NA,NA,B,
Zenarchopterus clarus,Zenarchopterus clarus,Zenarchopterus clarus,NA,NA,B,
Zenarchopterus cotnog,NA,NA,NA,NA,B,
Zenarchopterus dispar,Zenarchopterus dispar,Zenarchopterus dispar,NA,NA,B,
Zenarchopterus dunckeri,Zenarchopterus dunckeri,Zenarchopterus dunckeri,NA,NA,B,
Zenarchopterus dux,NA,Zenarchopterus dux,NA,NA,B,
Zenarchopterus ectuntio,Zenarchopterus ectuntio,Zenarchopterus ectuntio,NA,NA,B,
Zenarchopterus gilli,Zenarchopterus gilli,Zenarchopterus gilli,NA,NA,B,
Zenarchopterus kampeni,NA,Zenarchopterus kampeni,NA,NA,B,
Zenarchopterus novaeguineae,Zenarchopterus novaeguineae,Zenarchopterus novaeguineae,NA,NA,B,
Zenarchopterus ornithocephala,Zenarchopterus ornithocephala,Zenarchopterus ornithocephala,NA,NA,B,
Zenarchopterus pappenheimi,Zenarchopterus pappenheimi,Zenarchopterus pappenheimi,NA,NA,B,
Zenarchopterus philippinus,NA,Zenarchopterus philippinus,NA,NA,B,
Zenarchopterus quadrimaculatus,NA,Zenarchopterus quadrimaculatus,NA,NA,B,
Zenarchopterus rasori,Zenarchopterus rasori,Zenarchopterus rasori,NA,NA,B,
Zenarchopterus robertsi,NA,Zenarchopterus robertsi,NA,NA,B,
Zenarchopterus striga,NA,Zenarchopterus striga,NA,NA,B,
Zenarchopterus xiphophorus,NA,Zenarchopterus xiphophorus,NA,NA,B,
Seriolella labyrinthica,Seriolella labyrinthica,Schedophilus velaini,NA,NA,B,